Z,A,Binding,BE/A
1,1,0,0
90,207,0.207,0.001
1,2,2.2245662,1.1122831
3,4,4.6150412,1.1537603
1,6,5.769837,0.9616395
1,7,6.58,0.94
1,5,6.681796,1.3363592
1,4,6.8817964,1.7204491
2,3,7.71804132,2.57268044
1,3,8.4817962,2.8272654
6,8,24.8121936,3.1015242
5,7,24.9109385,3.5587055
3,5,26.3306625,5.2661325
4,6,26.9234868,4.4872478
2,5,27.5606625,5.5121325
2,4,28.2956624,7.0739156
2,7,28.8614046,4.1230578
2,6,29.2711194,4.8785199
2,10,29.95134,2.995134
2,9,30.141342,3.349038
2,8,31.396168,3.924521
3,6,31.9939872,5.3323312
8,11,34.7868092,3.1624372
7,10,36.436724,3.6436724
4,7,37.6008409,5.3715487
5,8,37.7372408,4.7171551
6,9,39.0368097,4.3374233
3,7,39.2450807,5.6064401
3,8,41.2776992,5.1597124
3,10,45.313512,4.5313512
3,9,45.3399165,5.0377685
3,12,45.4991988,3.7915999
3,11,45.7091987,4.1553817
9,13,55.861,4.297
5,9,56.3136417,6.2570713
4,8,56.4994848,7.0624356
4,9,58.1640237,6.4626693
8,12,58.583706,4.8819755
7,11,58.9424253,5.3584023
6,10,60.320426,6.0320426
5,10,64.750835,6.4750835
4,10,64.976306,6.4976306
4,11,65.4779422,5.9525402
4,15,68.114562,4.5409708
4,13,68.1386667,5.2414359
4,16,68.5645616,4.2852851
4,12,68.6486676,5.7207223
4,14,69.9145622,4.9938973
10,15,73.0309275,4.8687285
6,11,73.4410193,6.6764563
9,14,73.9929274,5.2852091
7,12,74.04132,6.17011
8,13,75.5529268,5.8117636
5,11,76.2050553,6.9277323
5,12,79.5746844,6.6312237
5,13,84.4534522,6.4964194
5,14,85.4230314,6.1016451
5,21,87.2030565,4.1525265
5,20,88.113058,4.4056529
5,16,88.117656,5.5073535
5,15,88.200657,5.8800438
5,18,89.5793508,4.9766306
5,17,89.5843509,5.2696677
5,19,89.6730574,4.7196346
6,12,92.1617352,7.6801446
11,17,93.8870101,5.5227653
7,13,94.1052242,7.2388634
6,13,97.1080435,7.4698495
10,16,97.3308432,6.0831777
9,15,97.4618955,6.4974597
8,14,98.7318962,7.0522783
7,14,104.6586072,7.4756148
6,14,105.2844772,7.5203198
6,15,106.502544,7.1001696
6,16,110.7528736,6.9220546
9,16,111.424784,6.964049
6,17,111.4864454,6.5580262
11,18,111.6399168,6.2022176
8,15,111.9553725,7.4636915
12,19,112.1284848,5.9014992
10,17,112.8884847,6.6404991
7,15,115.4919045,7.6994603
6,18,115.6703778,6.4261321
6,19,116.247206,6.118274
7,16,117.9807536,7.3737971
6,20,119.228712,5.9614356
6,22,119.2637116,5.4210778
7,17,123.8658998,7.2862294
7,18,126.6941286,7.0385627
8,16,127.6193152,7.9762072
9,17,128.2195828,7.5423284
8,17,131.7623947,7.7507291
11,19,131.8198416,6.9378864
7,19,132.0223588,6.9485452
10,18,132.1426386,7.3412577
13,21,132.237,6.297
14,22,132.968,6.044
7,20,134.183434,6.7091717
12,20,134.560504,6.7280252
9,18,137.3694894,7.6316383
7,21,138.7893339,6.6090159
8,18,139.8077658,7.7670981
7,22,140.3277634,6.3785347
7,24,141.288,5.887
7,23,143.4434583,6.2366721
8,19,143.7634088,7.5664952
10,19,143.7795189,7.5673431
11,20,145.970056,7.2985028
9,19,147.8013648,7.7790192
13,22,149.204,6.782
12,21,149.2056657,7.1050317
14,23,150.742,6.554
8,20,151.371414,7.5685707
9,20,154.402702,7.7201351
8,21,155.1768687,7.3893747
10,20,160.644824,8.0322412
8,22,162.0271884,7.3648722
9,21,162.5041614,7.7382934
11,21,163.0767201,7.7655581
8,23,164.7601688,7.1634856
10,21,167.4059856,7.9717136
9,22,167.7344988,7.6242954
8,25,168.195145,6.7278058
12,22,168.580819,7.6627645
13,23,168.7217325,7.3357275
8,26,168.934454,6.497479
8,24,168.952452,7.0396855
16,26,169.65,6.525
15,25,169.85,6.794
14,24,172.0135896,7.1672329
11,22,174.1445728,7.9156624
9,23,175.3139281,7.6223447
10,22,177.7702432,8.0804656
9,24,179.1259944,7.4635831
12,23,181.7258267,7.9011229
10,23,182.9708903,7.9552561
9,25,183.4076625,7.3363065
13,24,183.5899344,7.6495806
9,26,184.1384922,7.0822497
9,28,185.5519876,6.6268567
9,27,185.7509874,6.8796662
9,30,186.15,6.205
9,31,186.341,6.011
11,23,186.5643528,8.1114936
9,29,186.8769106,6.4440314
14,25,187.0027725,7.4801109
15,26,187.148,7.198
16,27,187.92,6.96
10,24,191.8398048,7.9933252
11,24,193.5237168,8.0634882
10,25,195.994985,7.8397994
12,24,198.2570472,8.2607103
13,25,200.528415,8.0211366
19,31,201.097,6.487
10,26,201.549686,7.751911
11,25,202.5349475,8.1013979
10,27,203.0512077,7.5204151
12,25,205.58757,8.2235028
18,30,205.98,6.866
14,26,206.0424158,7.9247083
17,29,206.741,7.129
15,27,206.8494138,7.6610894
10,28,206.8736964,7.3883463
10,29,207.8449517,7.1670673
11,26,208.1092338,8.0042013
16,28,209.4061508,7.4787911
10,30,211.035951,7.0345317
10,31,211.2057962,6.8130902
13,26,211.8938978,8.1497653
10,33,212.388,6.436
10,32,213.472,6.671
10,34,213.758,6.287
11,27,214.8375609,7.9569467
12,26,216.6806486,8.3338711
11,28,218.3794032,7.7992644
14,27,219.357234,8.124342
15,28,221.4095576,7.9074842
11,29,222.7824138,7.6821522
12,27,223.1240175,8.2638525
17,30,224.165094,7.4721698
16,29,224.6450954,7.7463826
18,31,224.812,7.252
13,27,224.9519391,8.3315533
11,30,225.059055,7.5019685
11,31,229.3590118,7.3986778
11,32,231.036208,7.2198815
12,28,231.6286868,8.2724531
13,28,232.6771132,8.3098969
11,33,233.9675646,7.0899262
11,34,234.1388818,6.8864377
12,29,235.2924193,8.1135317
11,36,236.052,6.557
11,35,236.075,6.745
14,28,236.536846,8.4477445
11,37,236.911,6.403
15,29,239.2858672,8.2512368
12,30,241.63275,8.054425
13,29,242.1054763,8.3484647
16,30,243.681243,8.1227081
20,34,243.882,7.173
19,33,243.936,7.392
12,31,243.9448466,7.8691886
17,31,243.9455131,7.8692101
14,29,245.0104469,8.4486361
18,32,246.4002848,7.7000089
13,30,247.833147,8.2611049
12,32,249.7229152,7.8038411
15,30,250.605192,8.3535064
12,33,252.0024606,7.6364382
13,31,254.991058,8.225518
14,30,255.619647,8.5206549
12,34,256.7133246,7.5503919
16,31,256.7358403,8.2818013
12,35,257.468183,7.3562338
17,32,258.3169856,8.0724058
13,32,259.2110368,8.1003449
19,34,260.78,7.67
12,36,260.7991272,7.2444202
12,37,261.0391255,7.0551115
18,33,261.6555447,7.9289559
20,35,261.66,7.476
14,31,262.2070396,8.4582916
12,39,262.626,6.734
15,31,262.9161987,8.4811677
12,38,263.264,6.928
12,40,263.92,6.598
13,33,264.6803676,8.0206172
13,34,267.2519204,7.8603506
15,32,270.8518496,8.4641203
14,32,271.407008,8.481469
16,32,271.7801632,8.4931301
13,35,272.5493505,7.7871243
17,33,274.0569381,8.3047557
13,36,274.4465544,7.6235154
14,33,275.9149668,8.3610596
22,38,278.122,7.319
13,37,278.658692,7.531316
18,34,278.7208616,8.1976724
19,35,278.8044315,7.9658409
13,38,280.06,7.37
16,33,280.4218032,8.4976304
15,33,280.9556409,8.5138073
20,36,281.3716764,7.8158799
13,39,283.14,7.26
14,34,283.4636406,8.3371659
13,40,283.88,7.097
17,34,285.5650004,8.3989706
14,35,285.934754,8.1695644
13,41,286.18,6.98
13,42,286.818,6.829
15,34,287.2383104,8.4481856
13,43,288.616,6.712
18,35,291.4611735,8.3274621
16,34,291.8389524,8.5834986
14,36,292.0507164,8.1125199
19,36,293.1200388,8.1422233
14,37,294.2574221,7.9529033
21,38,294.538,7.751
22,39,295.074,7.566
15,35,295.618736,8.4462496
20,37,296.1278979,8.0034567
17,35,298.209765,8.520279
16,35,298.8247885,8.5378511
15,36,299.0832912,8.3078692
14,38,299.9275286,7.8928297
14,39,301.5081927,7.7309793
15,37,305.8995757,8.2675561
14,40,306.232988,7.6558247
18,36,306.7167456,8.5199096
14,41,306.762,7.482
17,36,306.7895592,8.5219322
19,37,308.574376,8.339848
16,36,308.71404,8.57539
15,38,309.5964462,8.1472749
14,42,311.22,7.41
14,43,311.793,7.251
21,39,312.5248425,8.0134575
16,37,313.0176431,8.4599363
20,38,313.1216492,8.2400434
24,42,313.152,7.456
22,40,314.634528,7.8658632
14,44,314.864,7.156
18,37,315.5042022,8.5271406
15,39,315.8208339,8.0979701
17,37,317.1004192,8.5702816
15,40,319.256708,7.9814177
19,38,320.6462534,8.4380593
16,38,321.0537502,8.4487829
17,38,323.2083046,8.5054817
15,41,324.1686033,7.9065513
16,39,325.4265222,8.3442698
15,42,326.1683124,7.7659122
20,39,326.4171729,8.3696711
21,40,326.946788,8.1736697
18,38,327.3426666,8.6142807
25,44,328.108,7.457
26,45,328.455,7.299
23,42,328.608,7.824
22,41,329.4099449,8.0343889
24,43,330.24,7.68
15,43,330.283,7.681
17,39,331.2817248,8.4944032
15,44,332.288,7.552
16,40,333.17302,8.3293255
19,39,333.7240062,8.5570258
18,39,333.9413532,8.5625988
15,45,335.52,7.456
15,46,336.72,7.32
17,40,337.11064,8.427766
16,41,337.4150678,8.2296358
19,40,341.523628,8.5380907
20,40,342.052184,8.5513046
21,41,343.1371139,8.3691979
18,40,343.810376,8.5952594
16,42,344.115555,8.1932275
17,41,344.9313313,8.4129593
16,43,346.7445868,8.0638276
22,42,346.88808,8.25924
23,43,346.9890547,8.0695129
28,48,347.328,7.236
25,45,348.615,7.747
26,46,349.738,7.603
24,44,349.783566,7.9496265
18,41,349.9093053,8.5343733
20,41,350.4150075,8.5467075
17,42,350.5272288,8.3458864
19,41,351.6189971,8.5760731
16,44,351.8246776,7.9960154
16,45,354.015,7.867
21,42,354.6870726,8.4449303
17,43,357.9262896,8.3238672
16,46,358.11,7.785
19,42,359.1527982,8.5512571
22,43,359.1706322,8.3528054
18,42,359.3357922,8.5556141
23,44,360.9520948,8.2034567
20,42,361.8957132,8.6165646
17,44,362.3170672,8.2344788
16,48,362.496,7.552
24,45,363.947787,8.0877286
25,46,364.139703,7.9160805
27,48,364.56,7.595
18,43,364.9942426,8.4882382
28,49,365.05,7.45
26,47,366.13,7.79
21,43,366.8255395,8.5308265
17,45,368.1719595,8.1815991
19,43,368.7774772,8.5762204
20,43,369.8286079,8.6006653
17,46,371.7156822,8.0807757
18,44,373.7290084,8.4938411
22,44,375.474946,8.5335215
17,47,375.624,7.992
19,44,376.0549012,8.5467023
21,44,376.524742,8.5573805
23,45,377.101773,8.3800394
17,48,378.384,7.883
18,45,378.897867,8.4199526
20,44,380.9597836,8.6581769
17,49,381.465,7.785
24,46,381.9758718,8.3038233
25,47,382.3596499,8.1353117
17,50,382.55,7.651
17,51,384.03,7.53
17,52,384.072,7.386
19,45,384.9603615,8.5546747
22,45,385.0079445,8.5557321
26,48,385.0908192,8.0227254
28,50,385.1,7.702
18,46,386.969641,8.4123835
21,45,387.852345,8.618941
20,45,388.3746015,8.6305467
23,46,390.3625458,8.4861423
18,47,390.636975,8.311425
19,46,391.8299688,8.5180428
24,47,395.1387149,8.4072067
18,48,395.6959488,8.2436656
21,46,396.612989,8.6220215
25,48,397.1612352,8.2741924
22,46,398.1972658,8.6564623
18,49,398.468,8.132
20,46,398.7733008,8.6689848
26,49,399.9042929,8.1613121
27,50,400.031935,8.0006387
19,47,400.1993365,8.5148795
28,51,401.37,7.87
18,50,402.7,8.054
23,47,403.3650356,8.5822348
18,51,404.022,7.922
19,48,404.8431552,8.4342324
20,47,406.0496756,8.6393548
18,53,406.881,7.677
18,52,407.004,7.827
22,47,407.0779275,8.6612325
21,47,407.2595026,8.6650958
19,49,410.2414897,8.3722753
24,48,411.4682544,8.5722553
25,49,413.555835,8.439915
23,48,413.9072928,8.6230686
19,50,414.429165,8.2885833
21,48,415.4980656,8.6562097
20,48,416.0011968,8.6666916
26,50,417.70134,8.3540268
27,51,417.8559999,8.1932549
30,54,418.068,7.742
29,53,418.223,7.891
22,48,418.7045856,8.7230122
19,51,419.288085,8.221335
28,52,420.3626804,8.0838977
20,49,421.14765,8.59485
19,52,421.9815756,8.1150303
24,49,422.0506073,8.6132777
19,53,425.2109864,8.0228488
23,49,425.4627615,8.6829135
21,49,425.6277445,8.6862805
19,54,426.114,7.891
25,50,426.634115,8.5326823
22,49,426.8469625,8.7111625
20,50,427.508195,8.5501639
19,55,428.56,7.792
19,56,429.128,7.663
26,51,431.4853827,8.4604977
21,50,431.673735,8.6334747
20,51,432.3225885,8.4769135
27,52,432.9291512,8.3255606
29,54,434.43,8.045
30,55,434.72,7.904
23,50,434.79516,8.6959032
24,50,435.05094,8.7010188
28,53,435.5049697,8.2170749
22,50,437.786135,8.7557227
20,52,438.3278692,8.4293821
21,51,438.4582863,8.5972213
25,51,440.3217702,8.6337602
20,53,441.5206234,8.3305778
21,52,443.802814,8.5346695
22,51,444.1585512,8.7089912
24,51,444.3116073,8.7119923
20,54,445.3648218,8.2474967
23,51,445.8463452,8.7420852
20,55,446.92593,8.125926
26,52,447.6996108,8.6096079
27,53,449.3158634,8.4776578
20,56,449.8572624,8.0331654
21,53,450.1201225,8.4928325
25,52,450.8612524,8.6704087
20,57,450.984,7.912
22,52,451.9746036,8.6918193
29,55,452.869835,8.233997
23,52,453.157588,8.714569
28,54,453.2237712,8.3930328
21,54,453.859821,8.4048115
30,56,453.936,8.106
20,58,454.024,7.828
24,52,456.3517192,8.7759946
22,53,457.4496568,8.6311256
21,55,458.335317,8.3333694
26,53,458.3863205,8.6487985
21,56,461.0803736,8.2335781
23,53,461.6375525,8.7101425
27,54,462.7378746,8.5692199
25,53,462.9115294,8.7341798
24,53,464.2911459,8.7602103
22,54,464.3833518,8.5996917
21,57,465.0154962,8.1581666
21,58,467.1867288,8.0549436
28,55,467.3527375,8.4973225
32,59,467.516,7.924
23,54,467.7554628,8.6621382
29,56,467.9354792,8.3559907
22,55,468.543328,8.5189696
30,57,469.167,8.231
21,59,470.6080307,7.9764073
26,54,471.7647684,8.7363846
25,54,471.8507472,8.7379768
24,54,474.0102288,8.7779672
22,56,474.205172,8.4679495
23,55,475.0536505,8.6373391
21,61,475.434,7.794
27,55,476.829122,8.6696204
22,57,477.2553456,8.3729008
23,56,480.1832336,8.5747006
24,55,480.256491,8.7319362
26,55,481.0628955,8.7465981
22,58,481.842482,8.307629
25,55,482.0763585,8.7650247
28,56,483.9957416,8.6427811
29,57,484.6860822,8.5032646
22,59,484.862,8.218
31,59,485.688,8.232
23,57,486.5062119,8.5351967
32,60,486.78,8.113
27,56,486.9109616,8.6948386
30,58,486.9649086,8.3959467
24,56,488.5026104,8.7232609
22,60,489.167148,8.1527858
25,56,489.3468048,8.7383358
23,58,490.573048,8.458156
22,61,491.538,8.058
26,56,492.2599528,8.7903563
24,57,493.8137886,8.6633998
28,57,494.2433748,8.6709364
22,62,495.38,7.99
23,59,495.8244006,8.4038034
29,58,497.1162368,8.5709696
22,63,497.133,7.891
25,57,497.9927322,8.7367146
27,57,498.2874165,8.7418845
34,63,498.771,7.917
23,60,499.372506,8.3228751
31,60,499.62,8.327
26,57,499.9061253,8.7702829
30,59,499.9530318,8.4737802
22,64,500.864,7.826
32,61,501.115,8.215
24,58,501.3519246,8.6439987
25,58,504.4053404,8.6966438
23,61,504.5335437,8.2710417
24,59,505.5473705,8.5685995
28,58,506.4596018,8.7320621
27,58,506.8603702,8.7389719
23,62,507.640903,8.1877565
29,59,509.8781593,8.6420027
26,58,509.9506972,8.7922534
25,59,512.1744216,8.6809224
23,63,512.2391967,8.1307809
24,60,512.411256,8.5401876
23,64,514.88,8.045
30,60,514.983144,8.5830524
31,61,515.2323093,8.4464313
28,59,515.4588808,8.7365912
24,61,516.0705774,8.4601734
33,63,516.159,8.193
26,59,516.5317014,8.7547746
34,64,516.8,8.075
27,59,517.3142361,8.7680379
32,62,517.514,8.347
25,60,517.688352,8.6281392
23,65,518.765,7.981
29,60,519.936282,8.6656047
23,66,521.004,7.894
24,62,522.4980002,8.4273871
25,61,524.5338577,8.5989157
23,67,524.543,7.829
27,60,524.806152,8.7467692
30,61,525.2288978,8.6103098
26,60,525.351234,8.7558539
24,63,525.8950074,8.3475398
28,60,526.846614,8.7807769
31,62,528.1559838,8.5186449
36,67,528.161,7.883
25,62,529.3870124,8.5385002
33,64,530.304,8.286
32,63,530.3791521,8.4187167
26,61,530.9298846,8.7037686
34,65,531.05,8.17
24,64,531.4280064,8.3035626
29,61,531.6464028,8.7155148
27,61,534.125211,8.756151
24,65,534.17,8.218
28,61,534.6667141,8.7650281
25,63,535.821426,8.505102
30,62,538.1193962,8.6793451
26,62,538.9587522,8.6928831
24,66,539.088,8.168
25,64,539.99472,8.4374175
29,62,540.5212018,8.7180839
27,62,540.7227514,8.7213347
31,63,540.7873821,8.5839267
24,67,541.293,8.079
26,63,543.7876437,8.6315499
28,62,545.262441,8.7945555
33,65,545.7552815,8.3962351
24,68,545.768,8.026
32,64,545.8447552,8.5288243
35,67,545.916,8.148
25,65,546.044343,8.4006822
36,68,546.312,8.034
30,63,547.2360558,8.6862866
24,69,547.791,7.939
34,66,547.8,8.3
27,63,549.2212236,8.7177972
25,66,549.8987076,8.3317986
31,64,551.1444288,8.6116317
26,64,551.1928832,8.6123888
29,63,551.3848452,8.7521404
24,70,551.88,7.884
28,63,552.1002165,8.7634955
25,67,554.827,8.281
27,64,555.2334272,8.6755223
26,65,555.512555,8.546347
32,65,556.078796,8.5550584
25,68,558.212,8.209
33,66,558.9146244,8.4684034
30,64,559.0979648,8.7359057
29,64,559.3007104,8.7390736
35,68,560.252,8.239
34,67,560.7588048,8.3695344
36,69,560.901,8.129
28,64,561.7576768,8.7774637
26,66,562.433817,8.5217245
25,69,562.695,8.155
27,65,562.697512,8.6568848
31,65,563.0404065,8.6621601
25,70,565.88,8.084
26,67,566.1457053,8.4499359
30,65,567.07729,8.724266
28,65,567.855756,8.7362424
27,66,567.9921654,8.6059419
29,65,569.2112855,8.7570967
32,66,569.2789278,8.6254383
33,67,571.5480895,8.5305685
31,66,572.1779646,8.6693631
26,68,572.424,8.418
25,72,572.76,7.955
27,67,574.9767274,8.5817422
35,69,575.7982794,8.3449026
26,69,575.805,8.345
29,66,576.277218,8.731473
25,73,576.335,7.895
34,68,576.4392776,8.4770482
28,66,576.8075676,8.7395086
36,70,577.92,8.256
30,66,578.135811,8.7596335
32,67,578.4169228,8.6330884
27,68,579.3688468,8.5201301
26,70,581.56,8.308
33,68,581.9267076,8.5577457
28,67,582.6152835,8.6957505
31,67,583.404711,8.707533
26,71,584.685,8.235
30,67,585.1882778,8.7341534
29,67,585.4097999,8.7374597
27,69,586.1830278,8.4954062
34,69,586.7558658,8.5037082
35,70,589.035748,8.4147964
26,72,590.04,8.195
27,70,590.39386,8.434198
28,68,590.4077356,8.6824667
37,72,590.544,8.202
32,68,590.7933228,8.6881371
36,71,591.226301,8.327131
38,73,591.446,8.102
31,68,591.682926,8.7012195
29,68,591.7286084,8.7018913
26,73,592.833,8.121
33,69,594.2156766,8.6118214
28,69,594.9938862,8.6230998
30,68,595.386376,8.755682
27,71,596.3101424,8.3987344
26,74,597.624,8.076
32,69,598.986516,8.680964
26,75,599.7,7.996
29,69,599.9691036,8.6952044
34,70,600.322366,8.5760338
27,72,600.336,8.338
30,69,601.8684459,8.7227311
31,69,601.9960062,8.7245798
35,71,602.1838659,8.4814629
28,70,602.300419,8.6042917
33,70,603.508787,8.6215541
26,76,603.668,7.943
29,70,605.280585,8.6468655
27,73,606.046,8.302
37,73,606.2709933,8.3050821
28,71,606.5641044,8.5431564
36,72,606.9109896,8.4293193
38,74,608.354,8.221
34,71,609.6103026,8.5860606
31,70,609.649656,8.7092808
27,74,609.686,8.239
32,70,610.519196,8.7217028
30,70,611.086602,8.7298086
35,72,612.8145072,8.5113126
29,71,613.0866543,8.6350233
28,72,613.4552496,8.5202118
27,75,614.775,8.197
33,71,615.139385,8.663935
30,71,616.9219607,8.6890417
28,73,617.4086617,8.4576529
36,73,617.5934831,8.4601847
32,71,617.9351378,8.7033118
27,76,617.956,8.131
29,72,618.2298432,8.5865256
31,71,618.949955,8.717605
37,74,620.2467102,8.3817123
39,76,621.148,8.173
40,77,621.775,8.075
38,75,622.23837,8.2965116
27,77,622.314,8.082
114,288,2060.352,7.154
115,289,2062.015,7.135
116,290,2064.8,7.12
114,289,2066.061,7.149
115,290,2067.99,7.131
116,291,2070.756,7.116
114,290,2072.63,7.147
113,290,2074.08,7.152
34,72,622.4032944,8.6444902
33,72,623.5472592,8.6603786
27,78,623.766,7.997
28,74,624.042,8.433
35,73,625.4698619,8.5680803
31,72,625.4704296,8.6870893
29,73,625.5056027,8.5685699
30,72,625.8099816,8.6918053
28,75,627.675,8.369
32,72,628.6857048,8.7317459
29,74,630.5956842,8.5215633
34,73,630.8338143,8.6415591
30,73,631.3292215,8.6483455
36,74,631.444886,8.533039
37,75,633.620715,8.4482762
28,76,633.688,8.338
33,73,634.3415227,8.6896099
31,73,634.652802,8.693874
35,74,635.183551,8.5835615
32,73,635.46865,8.70505
28,77,636.944,8.272
29,75,637.1310075,8.4950801
39,77,637.406,8.278
38,76,637.9386344,8.3939294
40,78,639.132,8.194
30,74,639.5638478,8.6427547
31,74,641.0744024,8.6631676
36,75,641.5079925,8.5534399
29,76,641.7137368,8.4436018
33,74,642.320148,8.680002
28,78,642.564,8.238
34,74,642.890947,8.6877155
28,79,643.85,8.15
30,75,644.4373575,8.5924981
37,76,644.9524236,8.4862161
32,74,645.6648814,8.7252011
28,80,647.04,8.088
35,75,647.0737275,8.6276497
29,77,647.6662577,8.4112501
28,81,648,8
31,75,649.5567375,8.6607565
38,77,649.5657476,8.4359188
28,82,650.67,7.935
34,75,650.9185425,8.6789139
39,78,651.222,8.349
29,78,651.664221,8.3546695
32,75,652.17072,8.6956096
30,76,652.252786,8.5822735
42,81,652.374,8.054
33,75,652.56561,8.7008748
40,79,653.093,8.267
36,76,654.2693852,8.6088077
31,76,655.4640672,8.6245272
35,76,656.327108,8.635883
30,77,656.8102849,8.5300037
29,79,657.354102,8.320938
37,77,657.3751492,8.5373396
29,80,659.68,8.246
33,76,659.8941072,8.6828172
32,76,661.5979664,8.7052364
34,76,662.0723356,8.7114781
29,81,662.985,8.185
38,78,663.0075738,8.5000971
31,77,663.2310839,8.6133907
36,77,663.496449,8.616837
30,78,663.57564,8.50738
29,82,664.856,8.108
39,79,664.9255252,8.4167788
35,77,667.3441621,8.6668073
37,78,667.5513936,8.5583512
30,79,667.5960175,8.4505825
29,83,667.652,8.044
32,77,667.6692561,8.6710293
41,81,668.088,8.248
31,78,669.0141354,8.5771043
40,80,669.2,8.365
42,82,669.366,8.163
34,77,669.4911916,8.6946908
33,77,669.5903753,8.6959789
38,79,673.3846082,8.5238558
30,80,673.883656,8.4235457
36,78,675.576603,8.6612385
35,78,675.6328332,8.6619594
31,79,675.9297275,8.5560725
39,80,676.342072,8.4542759
32,78,676.3897608,8.6716636
30,81,676.5060222,8.3519262
33,78,676.562328,8.673876
37,79,679.4900679,8.6011401
34,78,679.9889616,8.7178072
40,81,680.0073039,8.3951519
31,80,680.67636,8.5084545
30,82,680.691635,8.3011175
41,82,681.584,8.312
32,79,682.1262031,8.6345089
44,85,682.295,8.027
30,83,682.758,8.226
42,83,683.422,8.234
36,79,683.911927,8.657113
33,79,685.4527588,8.6766172
38,80,686.287728,8.5785966
35,79,686.3200524,8.6875956
30,84,686.364,8.171
34,79,686.9517917,8.6955923
31,81,687.1519656,8.4833576
30,85,687.65,8.09
37,80,688.93408,8.611676
39,81,688.9781511,8.5059031
32,80,690.205656,8.6275707
31,82,690.5260508,8.4210494
33,80,692.102592,8.6512824
40,82,694.1682612,8.4654666
35,80,694.212328,8.6776541
31,83,694.9237748,8.3725756
32,81,695.0333547,8.5806587
36,80,695.434408,8.6929301
41,83,695.4560787,8.3789889
38,81,695.5757145,8.5873545
34,80,696.865136,8.7108142
31,84,697.8321,8.307525
43,85,698.275,8.215
42,84,699.3,8.325
39,82,699.4006484,8.5292762
44,86,699.438,8.133
37,81,700.2866259,8.6455139
33,81,700.4926251,8.6480571
31,85,701.5533395,8.2535687
32,82,702.2280494,8.5637567
36,81,703.3084686,8.6828206
34,81,703.5659838,8.6859998
31,86,703.652,8.182
35,81,704.3716665,8.6959465
40,83,704.5371751,8.4883997
32,83,705.8607346,8.5043462
33,82,706.1360546,8.6114153
31,87,706.788,8.124
41,84,707.1083292,8.4179563
38,82,708.128958,8.635719
37,82,709.089055,8.6474275
42,85,710.71322,8.361332
32,84,711.1040496,8.4655244
39,83,711.6135393,8.5736571
35,82,711.9646146,8.6824953
43,86,712.08,8.28
34,82,712.8421786,8.6931973
44,87,713.487,8.201
33,83,713.771282,8.599654
32,85,714.1503565,8.4017689
36,82,714.2753828,8.7106754
38,83,716.9878308,8.6384076
33,84,718.026834,8.5479385
40,84,718.1185284,8.5490301
32,86,718.49818,8.35463
34,83,718.660148,8.658556
37,83,720.0432019,8.6752193
41,85,720.2654945,8.4737117
32,87,720.795,8.285
39,84,721.3736208,8.5877812
35,83,721.5509716,8.6933852
36,83,721.7455485,8.6957295
33,85,723.4337335,8.5109851
32,88,724.768,8.236
42,86,725.385705,8.4347175
43,87,726.2538063,8.3477449
32,89,726.329,8.161
33,86,727.278049,8.4567215
34,84,727.338654,8.6587935
40,85,727.943349,8.5640394
35,84,728.3916696,8.6713294
37,84,728.8028496,8.6762244
45,89,728.821,8.189
38,84,728.9111088,8.6775132
32,90,729.81,8.109
46,90,730.17,8.113
44,88,730.224,8.298
41,86,731.1911866,8.5022231
34,85,731.8758825,8.6103045
33,87,732.0051327,8.4138521
36,84,732.2655732,8.7174473
39,85,733.392631,8.6281486
33,88,734.888,8.351
42,87,736.2309141,8.4624243
35,85,737.255371,8.6735926
38,85,737.4361405,8.6757193
34,86,738.0367264,8.5818224
43,88,738.3053744,8.3898338
33,89,739.056,8.304
37,85,739.282536,8.6974416
36,85,739.3778805,8.6985633
40,86,740.8084978,8.6140523
33,90,741.6,8.24
34,87,742.031004,8.529092
44,89,742.293464,8.340376
35,86,742.3834674,8.6323659
45,90,742.86,8.254
39,86,742.9049198,8.6384293
47,92,743.36,8.08
41,87,744.0029373,8.5517579
46,91,744.653,8.183
33,91,745.199,8.189
33,92,747.132,8.121
34,88,747.560396,8.4950045
37,86,747.9335204,8.6969014
35,87,748.7142135,8.6059105
38,86,748.9272676,8.7084566
36,86,749.234537,8.7120295
42,88,750.1039656,8.5239087
40,87,750.2579415,8.6236545
34,89,750.7399111,8.4352799
43,89,752.1012462,8.4505758
35,88,753.6098152,8.5637479
41,88,754.3713144,8.5724013
39,87,754.7115237,8.6748451
36,87,754.749708,8.675284
34,90,755.619048,8.3957672
44,90,756.879156,8.4097684
38,87,757.3555581,8.7052363
45,91,757.848,8.328
37,87,757.8556341,8.7109843
34,91,758.4702762,8.3348382
35,89,759.2394378,8.5307802
47,93,760.275,8.175
42,89,760.5036739,8.5449851
46,92,761.352394,8.2755695
48,94,761.588,8.102
36,88,761.8027912,8.6568499
40,88,762.6109832,8.6660339
34,92,762.68,8.29
35,90,763.036785,8.4781865
43,90,763.5024,8.48336
37,88,763.9381552,8.6811154
39,88,764.0634848,8.6825396
34,93,764.925,8.225
36,89,766.7186062,8.6148158
41,89,766.8968376,8.6168184
35,91,768.2151022,8.4419242
44,91,768.3065117,8.4429287
38,88,768.4684304,8.7325958
34,94,768.92,8.18
45,92,770.3547412,8.3734211
34,95,770.64,8.112
37,89,771.1128655,8.6641895
35,92,771.4119316,8.3849123
40,89,771.9313985,8.6733865
36,90,773.213391,8.5912599
46,93,773.6264241,8.3185637
42,90,773.732565,8.5970285
47,94,774.372,8.238
49,96,774.624,8.069
38,89,774.827147,8.705923
39,89,775.546979,8.714011
35,93,776.1406698,8.3455986
48,95,776.245,8.171
43,91,776.8356778,8.5366558
37,90,776.837358,8.6315262
41,90,777.00393,8.633377
36,91,777.2994229,8.5417519
35,94,778.978,8.287
39,90,782.404002,8.6933778
44,92,782.439208,8.504774
38,90,782.640387,8.6960043
36,92,783.1661,8.512675
35,95,783.275,8.245
37,91,783.2881511,8.6075621
42,91,783.8402026,8.6136286
40,90,783.897291,8.7099699
45,93,784.4387715,8.4348255
35,96,785.664,8.184
36,93,786.6040905,8.4581085
43,92,787.846048,8.563544
37,92,788.38687,8.5694225
38,91,788.4127069,8.6638759
46,94,788.8182208,8.3916832
41,91,789.0517453,8.6708983
35,97,789.58,8.14
47,95,789.925,8.315
39,91,790.3297311,8.6849421
40,91,791.0916559,8.6933149
35,98,791.644,8.078
36,94,791.8871892,8.4243318
49,97,792.005,8.165
48,96,792.864,8.259
44,93,793.4260311,8.5314627
37,93,794.3056437,8.5409209
36,95,794.7696485,8.3659963
38,92,795.699444,8.648907
45,94,796.4059102,8.4724033
42,92,796.5112704,8.6577312
39,92,796.8662248,8.6615894
41,92,796.9383252,8.6623731
37,94,798.3198536,8.4927644
40,92,799.7264036,8.6926783
36,96,799.7637216,8.3308721
43,93,800.5977726,8.6085782
46,95,800.7531665,8.4289807
38,93,800.9892375,8.6127875
36,97,802.1768565,8.2698645
47,96,802.5878688,8.3602903
37,95,803.7186865,8.4601967
39,93,804.3482022,8.6489054
42,93,804.5810835,8.6514095
41,93,805.7691957,8.6641849
48,97,806.0992261,8.3103013
40,93,806.4607251,8.6716207
49,98,806.54,8.23
44,94,806.864228,8.583662
36,98,806.932,8.234
37,96,807.2540448,8.4088963
38,94,807.8204336,8.5938344
50,99,807.939,8.161
43,94,809.2213062,8.6087373
36,99,809.325,8.175
45,95,809.9102165,8.5253707
39,94,810.5438392,8.6228068
38,95,812.1633125,8.5490875
37,97,812.4901584,8.3761872
41,94,812.9967316,8.6489014
36,100,813.4,8.134
42,94,814.2594054,8.6623341
40,94,814.6793504,8.6668016
46,96,815.0419872,8.4900207
36,101,815.575,8.075
44,95,815.809707,8.5874706
37,98,816.4114812,8.3307294
47,97,817.0515737,8.4232121
39,95,817.471618,8.6049644
38,96,818.0355936,8.5212041
43,95,819.1556545,8.6226911
45,96,819.328656,8.5346735
48,98,821.0729394,8.3782953
40,95,821.141278,8.6435924
37,99,821.234799,8.295301
41,95,821.4852635,8.6472133
42,95,821.628514,8.6487212
38,97,821.7693433,8.4718489
49,99,822.096,8.304
39,96,822.6649824,8.5694269
37,100,824.45085,8.2445085
46,97,824.7357391,8.5024303
50,100,825.1626,8.251626
44,96,826.503648,8.609413
43,96,827.0272608,8.6148673
47,98,827.2852868,8.4416866
38,98,827.682373,8.4457385
109,270,1963.17,7.271
105,268,1963.904,7.328
110,271,1965.292,7.252
111,272,1965.744,7.227
106,269,1968.542,7.318
108,270,1969.65,7.295
107,270,1971.27,7.301
105,270,1974.78,7.314
108,271,1975.048,7.288
107,271,1977.758,7.298
110,273,1979.25,7.25
106,271,1979.655,7.305
111,274,1980.198,7.227
41,96,828.3731328,8.6288868
39,97,828.5217752,8.5414616
37,101,828.8237053,8.2061753
40,96,828.9915168,8.6353283
45,97,830.3098053,8.5598949
42,96,830.782848,8.653988
48,99,831.4389666,8.3983734
37,102,831.5799186,8.1527443
38,99,831.8498265,8.4025235
39,98,832.7663876,8.4976162
49,100,832.97495,8.3297495
40,97,834.5606654,8.6037182
44,97,834.6151503,8.6042799
37,103,835.536,8.112
46,98,836.3221902,8.5338999
50,101,836.391403,8.281103
41,97,836.4444248,8.6231384
43,97,836.5013638,8.6237254
38,100,837.22012,8.3722012
42,97,837.6039822,8.6350926
37,104,837.928,8.057
45,98,838.9587724,8.5608038
47,99,839.0026656,8.4747744
39,99,839.1926862,8.4766938
38,101,840.7988511,8.3247411
40,98,840.9770432,8.5813984
41,98,842.4375568,8.5963016
48,100,843.77375,8.4377375
43,98,843.7804606,8.6100047
39,100,843.94151,8.4394151
44,98,844.790772,8.620314
46,99,845.2553868,8.5379332
40,99,845.383275,8.539225
49,101,845.413026,8.370426
38,102,845.7045726,8.2912213
42,98,846.2465718,8.6351691
51,103,848.102,8.234
52,104,848.3618624,8.1573256
47,100,848.49947,8.4849947
38,103,848.926,8.242
50,102,849.0919926,8.3244313
41,99,849.3196041,8.5789859
45,99,849.4393941,8.5801959
39,101,849.7463805,8.4133305
42,99,852.1720218,8.6077982
40,100,852.21066,8.5221066
44,99,852.2626068,8.6087132
43,99,852.7474395,8.6136105
38,104,853.424,8.206
48,101,853.4869357,8.4503657
39,102,853.9355544,8.3719172
41,100,854.84683,8.5484683
49,102,855.6343338,8.3885719
38,105,855.96,8.152
46,100,856.35652,8.5635652
40,101,857.0702339,8.4858439
45,100,857.51732,8.5751732
51,104,858.832,8.258
39,103,859.2912608,8.3426336
50,103,859.329,8.343
43,100,859.51184,8.5951184
52,105,859.617864,8.1868368
47,101,859.7671965,8.5125465
38,106,860.084,8.114
42,100,860.46626,8.6046626
44,100,861.93593,8.6193593
41,101,862.0183855,8.5348355
38,107,862.099,8.057
39,104,862.992,8.298
40,102,863.561988,8.466294
46,101,864.6473044,8.5608644
48,102,865.3814844,8.4841322
42,101,865.8645059,8.5729159
45,101,867.4099372,8.5882172
41,102,867.496485,8.5048675
39,105,867.51,8.262
49,103,867.6431497,8.4237199
40,103,867.8608711,8.4258337
43,101,867.9067966,8.5931366
44,101,868.737966,8.601366
47,102,868.75083,8.517165
39,106,870.79,8.215
51,105,871.6041915,8.3009923
50,104,871.9267856,8.3839114
54,108,872.0879688,8.0748886
52,106,873.0974292,8.2367682
40,104,873.8408536,8.4023159
42,102,873.9767388,8.5683994
43,102,874.2064428,8.5706514
41,103,874.298196,8.488332
48,103,874.4447341,8.4897547
45,102,874.8521436,8.5769818
39,107,875.046,8.178
46,102,875.1894474,8.5802887
49,104,877.264752,8.435238
40,105,877.65279,8.358598
39,108,877.932,8.129
44,102,877.957605,8.6074275
41,104,879.1518528,8.4533832
47,103,879.378156,8.537652
42,103,879.4415216,8.5382672
39,109,881.701,8.089
50,105,881.709045,8.397229
51,106,882.1333144,8.3220124
43,103,882.3087635,8.5661045
46,103,882.8147819,8.5710173
40,106,882.98,8.33
53,108,883.008,8.176
52,107,883.606,8.258
54,109,883.6964739,8.1073071
45,103,884.1718481,8.5841927
44,103,884.1896568,8.5843656
41,105,885.3277125,8.4316925
48,104,885.8328128,8.5176232
40,107,886.388,8.284
42,104,886.9022552,8.5279063
47,104,887.76324,8.536185
43,104,888.275128,8.541107
49,105,888.7939725,8.4647045
41,106,889.6861642,8.3932657
45,104,891.1708104,8.5689501
40,108,891.324,8.253
42,105,891.960615,8.494863
46,104,892.824244,8.5848485
44,104,893.0895792,8.5873998
50,106,893.7960598,8.4320383
40,109,894.236,8.204
48,105,894.269586,8.5168532
51,107,894.3845808,8.3587344
41,107,895.2786086,8.3670898
53,109,895.9817876,8.2200164
43,105,896.133777,8.5346074
52,108,896.8019868,8.3037221
54,110,897.520888,8.1592808
47,105,897.788934,8.5503708
49,106,897.8328578,8.4701213
40,110,898.81,8.171
42,106,898.8291412,8.4795202
44,105,898.999668,8.5619016
41,108,899.1713232,8.3256604
46,105,899.9183445,8.5706509
45,105,900.1340565,8.5727053
40,111,901.098,8.118
43,106,901.695042,8.506557
50,107,903.0259222,8.4394946
42,107,903.317433,8.442219
51,108,904.2479928,8.3726666
41,109,904.3872463,8.2971307
40,112,905.072,8.081
48,106,905.1392152,8.5390492
47,106,905.7318082,8.5446397
45,106,906.7167602,8.5539317
52,109,906.8070245,8.3193305
53,110,906.848437,8.2440767
40,113,907.051,8.027
55,112,907.424,8.102
44,106,907.4597036,8.5609406
41,110,908.078677,8.2552607
54,111,908.202,8.182
43,107,908.7400753,8.4928979
49,107,908.8626973,8.4940439
46,106,909.4793004,8.5799934
42,108,909.5930748,8.4221581
41,111,912.753,8.223
48,107,913.0687068,8.5333524
44,107,913.0703332,8.5333676
42,109,913.5743767,8.3814163
43,108,913.9842576,8.4628172
50,108,914.6549484,8.4690273
47,107,915.2674284,8.5539012
45,107,915.289128,8.554104
41,112,915.936,8.178
46,107,916.0157222,8.5608946
51,109,916.1249549,8.4048161
49,108,917.4871728,8.4952516
52,110,919.39276,8.358116
53,111,919.4057073,8.2829343
42,110,919.52223,8.359293
41,113,920.159,8.143
43,109,920.4155764,8.4441796
55,113,920.794399,8.148623
44,108,920.9404836,8.5272267
45,108,921.5278956,8.5326657
54,112,921.7672352,8.2300646
56,114,922.224261,8.0896865
47,108,922.5388296,8.5420262
42,111,922.9975452,8.3152932
41,114,923.058,8.097
50,109,923.2864947,8.4705183
48,108,923.4021168,8.5500196
46,108,925.2386028,8.5670241
43,110,925.238633,8.4112603
51,110,925.395031,8.4126821
44,109,926.088852,8.496228
41,115,927.015,8.061
49,109,927.9281943,8.5131027
42,112,928.592,8.291
52,111,928.8217485,8.3677635
41,116,929.392,8.012
45,109,929.5673036,8.5281404
53,112,929.5865712,8.2998801
48,109,930.7253414,8.5387646
43,111,931.3000566,8.3900906
46,109,931.3921925,8.5448825
47,109,931.7227895,8.5479155
55,114,931.7871054,8.1735711
42,113,931.798,8.246
54,113,932.0158301,8.2479277
56,115,933.34,8.116
44,110,933.494353,8.4863123
50,110,934.569625,8.4960875
45,110,935.468061,8.5042551
43,112,935.6056304,8.3536217
49,110,935.979957,8.5089087
51,111,936.8533533,8.4401203
42,114,936.966,8.219
44,111,938.2783602,8.4529582
47,110,938.531979,8.5321089
42,115,939.895,8.173
46,110,940.18793,8.547163
48,110,940.640305,8.5512755
52,112,940.8731024,8.4006527
43,113,941.2295676,8.3294652
53,113,941.7140664,8.3337528
50,111,942.737541,8.493131
45,111,943.0145637,8.4956267
42,116,944.588,8.143
55,115,944.84,8.216
54,114,944.9694156,8.2892054
43,114,945.0896286,8.2902599
44,112,945.1952272,8.4392431
51,112,945.686896,8.443633
46,111,945.9142278,8.5217498
49,111,945.9733464,8.5222824
57,117,946.062,8.086
56,116,946.792,8.162
42,117,947.232,8.096
47,111,947.3614458,8.5347878
48,111,947.6158911,8.5370801
45,112,948.5130592,8.4688666
44,113,949.5034841,8.4026857
52,113,949.7239358,8.4046366
43,115,950.36,8.264
53,114,951.304806,8.344779
42,118,951.906,8.067
50,112,953.5253168,8.5136189
49,112,953.6427488,8.5146674
47,112,953.8010384,8.5160807
43,116,953.868,8.223
42,119,954.261,8.019
46,112,954.320696,8.5207205
54,115,954.611596,8.3009704
55,116,955.26,8.235
45,113,955.6202645,8.4568165
44,114,955.9282014,8.3853351
51,113,956.5762106,8.4652762
48,112,957.0098272,8.5447306
56,117,957.9906882,8.1879546
43,117,958.815,8.195
46,113,959.6614835,8.4925795
44,115,959.88361,8.346814
45,114,960.6349194,8.4266221
50,113,961.2697221,8.5068117
52,114,961.337889,8.4327885
43,118,962.054,8.153
47,113,962.315458,8.516066
53,115,963.0749865,8.3745651
49,113,963.0910561,8.5229297
48,113,963.5495762,8.5269874
51,114,964.7271774,8.4625191
44,116,965.918544,8.326884
43,119,966.994,8.126
54,116,967.073034,8.3368365
45,115,967.225187,8.4106538
46,114,967.6326384,8.4880056
55,117,967.8082284,8.2718652
47,114,968.2907604,8.4937786
44,117,969.4108125,8.2855625
52,115,969.582296,8.4311504
43,120,969.96,8.083
49,114,970.3650588,8.5119742
56,118,970.786,8.227
50,114,971.5726494,8.5225671
45,116,971.8030268,8.3776123
59,121,971.993,8.033
53,116,972.2291528,8.3812858
48,114,972.592539,8.5315135
46,115,972.639433,8.4577342
43,121,974.534,8.054
44,118,975.034,8.263
51,115,975.305294,8.4809156
54,117,976.2828192,8.3442976
47,115,976.4138595,8.4905553
43,122,977.342,8.011
55,118,977.7958254,8.2864053
45,117,978.0353622,8.3592766
44,119,978.18,8.22
48,115,978.733398,8.5107252
50,115,979.118073,8.5140702
49,115,979.402928,8.5165472
46,116,980.115958,8.4492755
52,116,980.854646,8.4556435
56,119,981.2655153,8.2459287
57,120,981.48,8.179
47,116,982.0452468,8.4659073
45,118,982.0967602,8.3228539
51,116,983.1952128,8.4758208
53,117,983.3183919,8.4044307
44,120,983.88,8.199
58,121,983.972,8.132
46,117,984.7801431,8.4169243
49,116,986.1876532,8.5016177
44,121,986.876,8.156
48,116,987.4327276,8.5123511
45,119,988.1040407,8.3033953
54,118,988.2478642,8.3749819
50,116,988.6815256,8.5231166
52,117,988.7576751,8.4509203
47,117,989.7558255,8.4594515
55,119,989.7628293,8.3173347
46,118,991.8159246,8.4052197
45,120,991.92,8.266
53,118,991.9221954,8.4061203
44,122,992.104,8.132
51,117,993.0840777,8.4878981
48,117,993.209958,8.488974
56,120,993.635388,8.2802949
57,121,994.257,8.217
44,123,994.947,8.089
49,117,994.9522401,8.5038653
47,118,995.19902,8.43389
50,117,995.624604,8.509612
46,119,995.9061686,8.3689594
54,119,997.034598,8.378442
58,122,997.228,8.174
45,121,997.6740037,8.2452397
55,120,999.417732,8.3284811
52,118,999.424246,8.469697
44,124,1000.06,8.065
51,118,1000.512041,8.478915602
49,118,1001.308706,8.485667
45,122,1001.376,8.208
48,118,1001.56453,8.487835
47,119,1002.362299,8.423212597
53,119,1002.800196,8.426892403
46,120,1002.849804,8.3570817
44,125,1002.875,8.023
56,121,1003.562904,8.293908298
57,122,1004.67,8.235
50,118,1004.951024,8.516534102
45,123,1006.755,8.185
46,121,1006.823866,8.320858397
48,119,1006.911134,8.461438101
52,119,1006.987342,8.462078504
47,120,1007.439372,8.3953281
58,123,1007.739,8.193
59,124,1007.872,8.128
54,120,1008.483864,8.4040322
49,119,1009.850505,8.486138697
60,125,1010,8.08
51,119,1010.062694,8.487921798
45,124,1010.352,8.148
55,121,1010.702739,8.352915198
53,120,1010.84094,8.4236745
50,119,1011.434479,8.499449403
46,122,1013.329011,8.3059755
47,121,1014.262003,8.382330603
48,120,1014.96288,8.458024
56,122,1015.498317,8.323756697
45,125,1015.5,8.124
49,120,1015.9509,8.4662575
57,123,1016.841,8.267
54,121,1016.863745,8.403832603
51,120,1017.0756,8.47563
46,123,1017.213911,8.270031797
52,120,1017.238284,8.4769857
45,126,1018.962,8.087
47,122,1019.03661,8.352759098
55,122,1019.816483,8.3591515
48,121,1020.150661,8.430997198
58,124,1020.396,8.229
50,120,1020.53856,8.504488
59,125,1020.875,8.167
53,121,1021.410743,8.441411099
46,124,1023.248,8.252
60,126,1023.372,8.122
45,127,1023.62,8.06
49,121,1024.129081,8.463876702
52,121,1024.490556,8.466864099
56,123,1024.615658,8.330208602
45,128,1025.28,8.01
47,123,1025.570396,8.337970699
51,121,1026.328945,8.482057397
57,124,1026.508282,8.278292597
50,121,1026.708764,8.485196397
46,125,1026.875,8.215
48,122,1027.760537,8.424266697
54,122,1027.809057,8.424664402
53,122,1029.315696,8.437013902
49,122,1029.937164,8.442107902
58,125,1030.25,8.242
47,124,1030.303079,8.308895798
55,123,1030.786691,8.380379602
59,126,1031.184,8.184
48,123,1032.633647,8.395395504
46,126,1032.822,8.197
51,122,1033.135308,8.468322197
63,130,1033.5,7.95
61,128,1033.6,8.075
60,127,1034.034,8.142
52,122,1034.332043,8.4781315
62,129,1034.967,8.023
50,122,1035.52341,8.487896803
54,123,1035.77364,8.420923902
56,124,1036.121792,8.355820903
46,127,1036.32,8.16
47,125,1036.664388,8.293315104
49,123,1037.866153,8.437936203
57,125,1038.080475,8.3046438
53,123,1039.250321,8.449189602
55,124,1039.555414,8.383511403
48,124,1039.99022,8.387017903
47,126,1040.886,8.261
52,123,1041.261051,8.465537
50,123,1041.46945,8.467231301
46,128,1041.536,8.137
51,123,1042.095311,8.472319602
58,126,1042.430521,8.273258103
46,129,1043.094,8.086
49,124,1043.376213,8.414324298
59,127,1043.432,8.216
48,125,1044.710188,8.357681504
56,125,1044.7723,8.3581784
46,130,1045.98,8.046
54,124,1046.264111,8.437613798
60,128,1046.656,8.177
61,129,1046.706,8.114
53,124,1046.743607,8.441480702
47,127,1046.988,8.244
46,131,1047.083,7.993
57,126,1047.365777,8.312426802
63,131,1047.476,7.996
62,130,1048.45,8.065
51,124,1048.562811,8.456151702
50,124,1049.957563,8.467399702
55,125,1049.975413,8.399803304
52,124,1050.685542,8.4732705
49,125,1050.992063,8.407936504
47,128,1051.008,8.211
58,127,1051.660609,8.280792197
48,126,1051.689152,8.346739302
59,128,1053.301005,8.228914102
54,125,1053.867375,8.430939
50,125,1055.691063,8.445528504
56,126,1055.844556,8.379718698
48,127,1056.245932,8.316897102
47,129,1056.252,8.188
53,125,1056.286388,8.450291104
49,126,1056.460444,8.384606698
60,129,1056.639,8.191
61,130,1057.03,8.131
52,125,1057.254513,8.458036104
51,125,1057.27015,8.4581612
55,126,1058.30768,8.399267302
57,127,1058.359732,8.333541197
63,132,1058.376,8.018
47,130,1058.46,8.142
62,131,1059.135,8.085
47,131,1061.362,8.102
48,128,1062.814298,8.303236703
47,132,1062.996,8.053
58,128,1063.286515,8.306925898
53,126,1063.432175,8.439937897
51,126,1063.479514,8.440313603
49,127,1063.602292,8.374821197
50,126,1063.88386,8.443522698
54,126,1063.885725,8.4435375
56,127,1064.063912,8.378456
59,129,1064.815123,8.254380798
52,126,1066.368202,8.463239698
48,129,1066.769512,8.269531101
57,128,1067.160371,8.337190398
55,127,1068.268336,8.411561701
60,130,1068.926768,8.2225136
49,128,1068.983821,8.351436102
61,131,1069.353,8.163
50,127,1069.409621,8.420548197
54,127,1071.131538,8.434106598
65,135,1071.765,7.939
51,127,1071.855997,8.439811
62,132,1072.104,8.122
58,129,1072.111402,8.310941101
53,127,1072.576214,8.445482
52,127,1072.655843,8.446109
48,130,1072.836284,8.2525868
64,134,1073.072,8.008
59,130,1074.288345,8.2637565
56,128,1074.686438,8.395987797
48,131,1075.001772,8.206120397
49,129,1075.699911,8.338759
55,128,1076.031398,8.406495297
50,128,1077.372787,8.416974898
51,128,1077.858867,8.420772398
57,129,1077.929792,8.356044899
60,131,1078.16989,8.230304504
48,132,1078.326757,8.169142098
61,132,1079.364,8.177
53,128,1079.402355,8.432830898
48,133,1080.093,8.121
54,128,1080.742502,8.443300797
49,130,1080.84288,8.314176
52,128,1081.440461,8.448753602
63,134,1082.05,8.075
62,133,1082.221,8.137
56,129,1082.449462,8.391081101
50,129,1082.673277,8.392816101
58,130,1083.318132,8.3332164
48,134,1083.524,8.086
64,135,1083.78,8.028
59,131,1085.484851,8.286143901
55,129,1085.669999,8.416046504
51,129,1085.929714,8.418059798
57,130,1086.304947,8.3561919
49,131,1087.032026,8.297954397
52,129,1087.522864,8.430409798
54,129,1087.649362,8.431390403
53,129,1088.242813,8.435990798
49,132,1089.490538,8.253716197
60,132,1089.898973,8.256810402
50,130,1090.28621,8.386817
61,133,1091.169785,8.204284098
51,130,1091.657333,8.3973641
58,131,1091.674994,8.333396901
56,130,1092.71669,8.405513
49,133,1092.861,8.217
55,130,1093.142024,8.4087848
62,134,1094.378,8.167
63,135,1094.445,8.107
59,132,1094.482976,8.291537697
53,130,1094.743143,8.4211011
49,134,1095.182,8.173
50,131,1095.489897,8.362518298
52,130,1095.942263,8.4303251
57,131,1096.518156,8.370367603
64,136,1096.704,8.064
54,130,1096.905082,8.4377314
49,135,1098.36,8.136
60,133,1098.876856,8.262232
51,131,1099.424378,8.392552504
56,131,1100.210194,8.398551099
49,136,1100.376,8.091
61,134,1100.597355,8.213413097
52,131,1101.871641,8.411233901
55,131,1102.369153,8.415031702
58,132,1102.506544,8.352322303
50,132,1102.843183,8.354872598
49,137,1103.261,8.053
53,131,1103.320999,8.422297702
54,131,1103.509508,8.423736702
62,135,1103.979645,8.177627
57,132,1104.543779,8.367755902
63,136,1104.592,8.122
51,132,1105.149566,8.372345197
50,133,1105.241837,8.310089
59,133,1105.26442,8.310258797
65,138,1106.622,8.019
67,140,1106.84,7.906
64,137,1106.96,8.08
66,139,1107.969,7.971
50,134,1108.873035,8.275171903
55,132,1109.53759,8.405587803
53,132,1109.65309,8.406462803
52,132,1109.920139,8.408485902
56,132,1110.03746,8.409374697
60,134,1110.262239,8.285539097
58,133,1110.527403,8.349830098
50,135,1111.14284,8.230687704
61,135,1111.967096,8.236793304
54,132,1112.446223,8.427622902
51,133,1112.509117,8.364730203
59,134,1113.926148,8.312881701
57,133,1114.38592,8.378841504
50,136,1114.792,8.197
51,134,1115.675933,8.325939799
52,133,1115.740392,8.389025504
62,136,1116.004644,8.2059165
63,137,1116.628611,8.150573803
50,137,1116.824,8.152
56,133,1117.227385,8.400205902
53,133,1117.878207,8.405099301
55,133,1118.527154,8.409978602
54,133,1118.882144,8.412647699
60,135,1118.900736,8.2881536
65,139,1119.228,8.052
51,135,1119.418569,8.2919894
64,138,1119.456,8.112
67,141,1119.963,7.943
50,138,1120.284,8.118
58,134,1121.013394,8.365771597
66,140,1121.12,8.008
61,136,1121.146015,8.243720699
50,139,1122.147,8.073
57,134,1122.181499,8.374488799
51,136,1122.306449,8.252253301
52,134,1123.408323,8.383644201
53,134,1124.135675,8.389072201
59,135,1124.405334,8.3289284
62,137,1125.25672,8.213552701
50,140,1125.32,8.038
55,134,1125.418698,8.398647
51,137,1125.931267,8.218476401
63,138,1126.303712,8.161621101
52,135,1126.674684,8.3457384
56,134,1126.695195,8.408173097
54,134,1127.43572,8.413699403
51,138,1128.564,8.178
58,135,1128.868124,8.361986104
64,139,1129.514,8.126
65,140,1129.614248,8.0686732
60,136,1129.957727,8.308512699
69,144,1130.4,7.85
67,142,1131.03,7.965
52,136,1131.442494,8.319430103
57,135,1131.677622,8.3827972
66,141,1131.807,8.027
53,135,1131.942722,8.384760904
51,139,1132.016,8.144
61,137,1132.120269,8.263651599
68,143,1132.131,7.917
59,136,1132.88121,8.330008897
56,135,1133.667158,8.397534504
54,135,1133.794571,8.398478304
55,135,1134.180806,8.401339304
52,137,1134.392291,8.280235701
51,140,1134.42,8.103
53,136,1135.780091,8.351324199
62,138,1136.834147,8.237928601
51,141,1137.729,8.069
63,139,1138.023399,8.187218698
60,137,1138.41372,8.309589197
58,136,1138.831686,8.373762397
52,138,1138.855847,8.252578601
57,136,1139.142963,8.376051199
51,142,1139.834,8.027
53,137,1140.662452,8.326003299
55,136,1141.009033,8.389772301
61,138,1141.0331,8.268355797
52,139,1141.436252,8.211771597
64,140,1141.696598,8.1549757
65,141,1141.74413,8.097476099
54,136,1141.88169,8.396188897
56,136,1142.774898,8.402756603
59,137,1142.813914,8.341707401
67,143,1143.857,7.999
69,145,1143.905,7.889
53,138,1144.35741,8.292445
66,142,1144.662,8.061
68,144,1145.664,7.956
52,140,1145.669938,8.1833567
62,139,1145.787925,8.243078597
54,137,1145.907251,8.364286504
58,137,1146.313209,8.367249701
63,140,1147.68262,8.197733
52,141,1148.022,8.142
57,137,1148.317656,8.381880701
60,138,1148.918255,8.325494601
53,139,1148.91979,8.26561
55,137,1149.28726,8.388958102
56,137,1149.680546,8.391828803
59,138,1150.812291,8.3392195
64,141,1151.209869,8.164609
54,138,1151.567399,8.344691297
61,139,1151.691075,8.285547302
65,142,1151.834136,8.111508
52,142,1152.046,8.113
53,140,1152.12636,8.229474
55,138,1153.699831,8.360143703
52,143,1154.01,8.07
67,144,1154.462069,8.017097701
66,143,1154.732536,8.075052699
54,139,1155.311066,8.311590403
69,146,1155.444,7.914
57,138,1155.761523,8.3750835
58,138,1156.03163,8.377040797
68,145,1156.375,7.975
53,141,1156.518124,8.202256199
62,140,1156.934954,8.2638211
60,139,1156.989324,8.323664201
52,144,1157.76,8.04
56,138,1158.292264,8.393422203
63,141,1158.693627,8.217685298
53,142,1159.465741,8.165251697
55,139,1159.585218,8.342339698
52,145,1159.71,7.998
61,140,1160.473412,8.2890958
59,139,1160.583391,8.349520799
54,140,1160.72425,8.2908875
56,139,1163.015697,8.367019403
64,142,1163.01648,8.190256901
58,139,1163.49483,8.370466403
53,143,1163.591,8.137
65,143,1163.765117,8.138217601
55,140,1164.005178,8.3143227
54,141,1164.006423,8.255364702
57,139,1164.541819,8.377998698
62,141,1165.484286,8.265846
53,144,1166.112,8.098
67,145,1167.043984,8.0485792
66,144,1167.204989,8.105590201
60,140,1167.30096,8.337864
63,142,1168.148232,8.226396
69,147,1168.476217,7.948817803
59,140,1168.512282,8.3465163
54,142,1169.110069,8.2331695
56,140,1169.441,8.35315
55,141,1169.504111,8.294355397
68,146,1169.534854,8.010512699
57,140,1169.702814,8.3550201
53,145,1170.005,8.069
61,141,1170.855611,8.303940504
54,143,1172.154627,8.196885503
64,143,1172.359588,8.198318797
53,146,1172.526,8.031
58,140,1172.68263,8.3763045
55,142,1173.612633,8.264877697
65,144,1173.785429,8.151287701
56,141,1173.976913,8.326077397
60,141,1175.306543,8.335507397
53,147,1176.147,8.001
57,141,1176.391905,8.343205
62,142,1176.603579,8.285940697
54,144,1176.895368,8.1728845
66,145,1176.948818,8.1168884
67,146,1177.23342,8.063242603
59,141,1177.911913,8.353985199
58,141,1178.11078,8.355395603
55,143,1178.84491,8.243670699
63,143,1179.151931,8.245817699
69,148,1179.338163,7.968501101
61,142,1179.545535,8.306658697
54,145,1179.587717,8.135087703
68,147,1179.891972,8.026476
71,150,1179.9,7.866
56,142,1180.157996,8.310971803
70,149,1181.123,7.927
57,142,1181.557335,8.320826303
55,144,1182.512074,8.211889403
59,142,1183.755054,8.336303197
64,144,1183.959101,8.221938201
54,146,1184.120648,8.110415397
56,143,1184.324255,8.281987797
60,142,1185.136402,8.346031
62,143,1185.210098,8.288182503
58,142,1185.28394,8.34707
65,145,1185.888257,8.178539703
54,147,1186.584,8.072
55,145,1187.366459,8.1887342
57,143,1187.776175,8.306127098
63,144,1188.601114,8.254174403
66,146,1189.332469,8.146112801
61,143,1189.435976,8.317734098
67,147,1189.823601,8.094038102
56,144,1190.225506,8.265454903
58,143,1190.42874,8.324676503
55,146,1190.693729,8.1554365
54,148,1190.956,8.047
59,143,1191.108204,8.329428
60,143,1191.25997,8.330489301
57,144,1192.525675,8.281428299
69,149,1192.596,8.004
68,148,1192.834475,8.059692399
64,145,1193.197533,8.228948503
54,149,1193.341,8.009
71,151,1193.504,7.904
56,145,1194.04587,8.234799103
70,150,1194.75,7.965
65,146,1195.32352,8.187147397
55,147,1195.374747,8.131801
62,144,1195.72992,8.30368
61,144,1195.962754,8.305296903
59,144,1196.861918,8.311541097
58,144,1197.325613,8.314761201
54,150,1197.45,7.983
55,148,1198.436941,8.097546899
57,145,1198.582659,8.266087303
63,145,1199.044788,8.2692744
66,147,1199.044896,8.156768
60,144,1199.077013,8.326923701
56,146,1199.467278,8.215529301
67,148,1200.128996,8.108979703
58,145,1202.032049,8.2898762
62,145,1202.487016,8.293013903
55,149,1202.877,8.073
56,147,1202.936354,8.183240503
57,146,1203.039825,8.239998801
69,150,1203.15,8.021
68,149,1203.168414,8.074955799
59,145,1203.808633,8.302128503
61,145,1203.885454,8.302658303
64,146,1204.428051,8.249507199
71,152,1204.752,7.926
60,145,1204.832304,8.309188303
70,151,1205.547096,7.983755603
55,150,1205.85,8.039
72,153,1205.946,7.882
63,146,1206.242174,8.261932699
65,147,1206.373875,8.206625
56,148,1208.288546,8.164111797
57,147,1208.568379,8.221553599
58,146,1208.662183,8.278508103
59,146,1208.92745,8.280325
55,151,1209.963,8.013
61,146,1210.14363,8.288655
66,148,1210.779564,8.180943
62,146,1210.903283,8.293858103
56,149,1211.645576,8.131849503
64,147,1211.77048,8.243336599
67,149,1211.854995,8.133255
60,146,1212.397534,8.304092699
57,148,1212.670042,8.1937165
55,152,1212.96,7.98
58,147,1213.121528,8.252527401
65,148,1214.239464,8.204320703
63,147,1214.740512,8.263540898
68,150,1215.32943,8.1021962
69,151,1215.558698,8.050057603
59,147,1215.76938,8.27054
56,150,1216.776075,8.1118405
62,147,1217.24429,8.280573401
60,147,1217.689729,8.283603599
71,153,1217.740495,7.959088203
61,147,1217.802566,8.284371197
73,155,1217.99,7.858
57,149,1218.252534,8.176191503
70,152,1218.346439,8.015437099
66,149,1218.685483,8.179097201
72,154,1219.372,7.918
58,148,1219.577365,8.240387601
56,151,1219.929,8.079
67,150,1220.226345,8.1348423
64,148,1220.75429,8.248339797
59,148,1220.932053,8.249540899
63,148,1221.564694,8.2538155
57,150,1222.415085,8.1494339
65,149,1223.26248,8.209815302
61,148,1223.697788,8.268228297
68,151,1223.835717,8.104872298
58,149,1223.920181,8.214229403
69,152,1224.578682,8.056438697
56,152,1224.664,8.057
60,148,1225.022314,8.277177797
62,148,1225.385625,8.279632601
71,154,1227.072,7.968
70,153,1227.366,8.022
57,151,1227.485584,8.129043603
59,149,1227.507296,8.238304
56,153,1227.519,8.023
64,149,1227.683354,8.239485597
73,156,1228.032,7.872
66,150,1228.372425,8.1891495
72,155,1228.995,7.929
74,157,1228.996,7.828
63,149,1229.779844,8.253556
67,151,1229.974532,8.145526702
60,149,1230.061111,8.255443698
58,150,1230.16845,8.201123
65,150,1230.95094,8.2063396
61,149,1230.967627,8.261527698
62,149,1231.256777,8.263468302
57,152,1231.504,8.102
56,154,1232.154,8.001
59,150,1232.83974,8.2189316
68,152,1234.140972,8.1193485
58,151,1234.617963,8.176277901
69,153,1234.902336,8.071257098
66,151,1235.886514,8.184678901
63,150,1236.202215,8.2413481
64,150,1236.391545,8.2426103
57,153,1236.393,8.081
61,150,1236.571875,8.2438125
60,150,1237.436835,8.2495789
67,152,1238.027734,8.144919303
71,155,1238.05272,7.987436903
70,154,1238.150791,8.039940201
62,150,1239.243525,8.2616235
59,151,1239.390242,8.207882397
75,159,1239.405,7.795
65,151,1239.540019,8.208874298
73,157,1239.681546,7.896060803
57,154,1239.854,8.051
58,152,1240.472,8.161
72,156,1240.616146,7.952667603
74,158,1241.09,7.855
68,153,1242.178756,8.118815399
60,151,1242.771389,8.230274099
64,151,1242.887735,8.231044603
69,154,1243.428186,8.074209
63,151,1244.13427,8.239299801
57,155,1244.34,8.028
61,151,1244.432117,8.241272298
59,152,1244.439945,8.187104901
58,153,1244.502,8.134
62,151,1244.839999,8.243973503
66,152,1245.323399,8.192917099
65,152,1246.705094,8.202007197
70,155,1246.792627,8.0438234
71,156,1247.278531,7.995375199
67,153,1247.506492,8.153637203
57,156,1247.532,7.997
73,158,1249.306,7.907
75,160,1249.6,7.81
72,157,1249.72,7.96
58,154,1249.864,8.116
60,152,1250.049186,8.224007803
76,161,1250.165,7.765
59,153,1250.321676,8.172037098
61,152,1250.371654,8.226129303
63,152,1250.440981,8.226585401
74,159,1250.853,7.867
64,152,1251.477438,8.233404197
57,157,1251.604,7.972
68,154,1252.388353,8.132391903
66,153,1252.419964,8.185751399
62,152,1253.097804,8.2440645
58,155,1253.485,8.087
69,155,1253.69828,8.088376
59,154,1254.684108,8.147299403
67,154,1255.205105,8.1506825
60,153,1255.30123,8.204583203
65,153,1255.372711,8.205050399
70,156,1257.626869,8.061710699
64,153,1257.724398,8.220420902
61,153,1257.836501,8.221153601
71,157,1258.09011,8.013312803
58,156,1258.608,8.068
62,153,1258.966207,8.228537301
63,153,1258.991268,8.228701098
68,155,1260.063882,8.1294444
59,155,1260.311169,8.1310398
73,159,1260.667402,7.928725799
72,158,1261.041671,7.981276399
60,154,1261.621761,8.192349097
75,161,1261.649001,7.836329199
66,154,1261.742097,8.1931305
58,157,1261.809,8.037
69,156,1261.978099,8.089603199
65,154,1262.287134,8.196669701
76,162,1262.628,7.794
74,160,1262.846288,7.8927893
61,154,1263.526418,8.204717
59,156,1264.416457,8.105233699
67,155,1264.676853,8.159205503
63,154,1265.433492,8.217100597
70,157,1265.852551,8.062755102
58,158,1266.37,8.015
60,155,1266.397275,8.170305
64,154,1266.619138,8.224799597
62,154,1266.933037,8.226837903
71,158,1266.933823,8.0185685
66,155,1268.575335,8.184357
59,157,1269.473269,8.085817
72,159,1269.863199,7.986561
73,160,1270.123264,7.9382704
68,156,1270.13771,8.141908397
61,155,1270.271144,8.195297703
78,165,1270.995,7.703
77,164,1271,7.75
75,162,1271.376,7.848
65,155,1271.452182,8.202917303
69,157,1271.924275,8.101428503
74,161,1272.061,7.901
67,156,1272.246768,8.155428
60,156,1272.386934,8.1563265
76,163,1272.541,7.807
62,155,1272.739999,8.2112258
64,155,1273.054386,8.213254103
59,158,1273.322,8.059
63,155,1273.58478,8.216676
61,156,1275.569303,8.176726301
70,158,1276.513584,8.079199899
60,157,1276.750235,8.132167102
68,157,1277.410985,8.136375701
71,159,1277.501543,8.034600899
59,159,1277.883,8.037
66,156,1278.02011,8.192436603
65,156,1278.364074,8.1946415
63,156,1279.920595,8.204619199
62,156,1279.980842,8.205005397
69,158,1279.989505,8.101199399
72,160,1281.020656,8.0063791
73,161,1281.14945,7.95745
59,160,1281.44,8.009
64,156,1281.590747,8.215325301
67,157,1281.612556,8.163137299
61,157,1281.770891,8.164145803
60,158,1282.162558,8.114952899
75,163,1282.951077,7.870865503
77,165,1283.04,7.776
74,162,1283.659067,7.923821401
78,166,1283.678,7.733
70,159,1284.408805,8.078042799
76,164,1284.662512,7.833308
66,157,1284.986706,8.184628701
62,157,1285.369079,8.187064197
59,161,1285.746,7.986
60,159,1286.122762,8.088822403
71,160,1286.134192,8.0383387
61,158,1286.651228,8.143362203
65,157,1287.108231,8.198141599
63,157,1287.368208,8.199797503
68,158,1287.372466,8.147927
64,157,1287.95063,8.203507197
67,158,1289.038402,8.158470899
72,161,1289.469045,8.009124503
69,159,1289.928029,8.112754899
73,162,1290.223598,7.964343198
60,160,1291.194592,8.0699662
62,158,1292.014585,8.1773075
61,159,1292.170756,8.126860101
75,164,1292.492577,7.881052299
74,163,1292.639601,7.930304301
77,166,1292.974,7.789
63,158,1293.250856,8.185132
78,167,1293.582,7.746
65,158,1293.886585,8.189155601
66,158,1294.040508,8.190129797
76,165,1294.095,7.843
68,159,1294.701098,8.142774201
60,161,1294.762,8.042
70,160,1294.809824,8.0925614
64,158,1295.888018,8.201822899
71,161,1296.497918,8.052782099
61,160,1296.582368,8.1036398
62,159,1297.041912,8.157496302
69,160,1297.729984,8.1108124
67,159,1298.251949,8.165106597
60,162,1299.564,8.022
63,159,1300.095093,8.176698698
72,162,1300.39297,8.027117099
66,159,1300.871888,8.181584201
73,163,1301.048152,7.981890503
64,159,1301.831214,8.187617698
61,161,1301.84563,8.085997702
65,159,1302.019598,8.188802503
70,161,1302.552162,8.090386099
60,163,1302.696,7.992
62,160,1303.138544,8.1446159
75,165,1303.750817,7.901520103
74,164,1304.038046,7.9514515
80,170,1304.07,7.671
68,160,1304.275472,8.1517217
77,167,1304.741842,7.812825401
71,162,1304.838655,8.054559599
67,160,1305.376064,8.1586004
63,160,1305.61648,8.160103
76,166,1305.811959,7.866337102
61,162,1305.882,8.061
78,168,1305.968446,7.773621702
69,161,1307.398987,8.120490602
62,161,1307.64873,8.122041801
65,160,1308.394816,8.1774676
72,163,1308.565174,8.028007202
64,160,1309.282736,8.1830171
66,160,1309.448416,8.1840526
73,164,1309.867639,7.986997799
61,163,1310.846,8.042
68,161,1311.483911,8.145862801
63,161,1311.985941,8.148981
70,162,1312.610395,8.102533302
74,165,1312.735116,7.9559704
75,166,1313.000107,7.909639199
62,162,1313.427069,8.1075745
79,170,1314.1,7.73
67,161,1314.261257,8.163113398
61,164,1314.296,8.014
80,171,1314.306,7.686
77,168,1314.406951,7.823850899
71,163,1314.869622,8.066684798
64,161,1314.918137,8.167193398
76,167,1314.950602,7.873955701
69,162,1315.049062,8.117586802
78,169,1315.496,7.784
66,161,1315.902797,8.173309298
65,161,1316.091425,8.174480901
63,162,1316.988607,8.129559302
62,163,1317.718944,8.084165301
61,165,1318.68,7.992
72,164,1319.185529,8.043814201
70,163,1320.154425,8.099106902
73,165,1320.504026,8.003054703
68,162,1320.688136,8.152395901
67,162,1321.176841,8.155412599
64,162,1321.764043,8.159037302
65,162,1322.580523,8.164077302
71,164,1322.791905,8.065804299
63,163,1322.910804,8.116017202
62,164,1323.115969,8.067780299
74,166,1323.832587,7.974895102
66,162,1324.099791,8.1734555
75,167,1324.143,7.929
69,163,1324.371316,8.124977399
77,169,1325.905454,7.845594402
79,171,1325.95228,7.754106901
76,168,1326.518054,7.895940798
80,172,1326.740301,7.713606401
62,165,1326.765,8.041
64,163,1326.943228,8.140756
72,165,1327.074012,8.0428728
111,279,2013.264,7.216
107,278,2015.778,7.251
108,278,2016.056,7.252
110,279,2016.891,7.229
111,280,2019.36,7.212
112,281,2022.357,7.197
110,280,2023.56,7.227
78,170,1327.400205,7.8082365
68,163,1327.592669,8.144740301
63,164,1327.64045,8.095368598
73,166,1328.825252,8.004971398
65,163,1329.368049,8.155632202
67,163,1329.585621,8.156967
70,164,1329.944044,8.109414902
66,163,1330.370792,8.161784
69,164,1331.623158,8.119653402
62,166,1331.818,8.023
74,167,1332.109652,7.976704503
71,165,1332.66309,8.076746
75,168,1333.100294,7.935120798
63,165,1333.208729,8.080052903
64,164,1333.319639,8.129997799
62,167,1334.664,7.992
65,164,1334.948586,8.139930402
77,170,1335.01,7.853
76,169,1335.317368,7.901286201
79,172,1335.779296,7.766158698
67,164,1336.259438,8.147923402
80,173,1336.425,7.725
68,164,1336.439132,8.149019098
78,171,1336.638891,7.816601702
63,166,1337.296,8.056
70,165,1337.298584,8.104839903
72,166,1337.368808,8.056438602
66,164,1338.028916,8.158712902
64,165,1338.223062,8.1104428
62,168,1339.128,7.971
73,167,1339.149854,8.018861401
71,166,1340.31315,8.074175602
69,165,1340.715569,8.125548903
65,165,1341.503774,8.130325903
63,167,1342.346,8.038
74,168,1342.980694,7.993932702
68,165,1343.089242,8.1399348
66,165,1343.74487,8.143908303
75,169,1343.785975,7.951396302
64,166,1344.139516,8.097226
67,165,1344.248252,8.146959103
72,167,1345.048895,8.054185
63,168,1346.016,8.012
77,171,1346.366705,7.873489503
76,170,1346.591386,7.9211258
70,166,1346.668211,8.112459102
65,166,1346.795018,8.113223
73,168,1347.264022,8.019428702
79,173,1347.36462,7.788234798
69,166,1347.743326,8.118935699
78,172,1348.350312,7.839246
80,174,1348.462607,7.749785098
64,167,1348.615648,8.075542802
71,167,1349.889757,8.083172198
63,169,1350.479,7.991
67,166,1350.491888,8.135493301
66,166,1350.788364,8.137279301
74,169,1351.076939,7.994538101
68,166,1351.563351,8.141947898
75,170,1352.35204,7.955012
65,167,1352.940647,8.101441
70,167,1353.735734,8.106202
64,168,1354.08,8.06
72,168,1355.013005,8.065553601
76,171,1355.03425,7.924176901
77,172,1355.405356,7.880263698
66,167,1356.186659,8.120878198
69,167,1356.471294,8.122582599
81,176,1356.597141,7.707938301
79,174,1356.678,7.797
73,169,1357.231851,8.030957698
78,173,1357.251709,7.845385601
71,168,1357.507637,8.080402601
67,167,1357.772324,8.130373198
80,175,1357.862345,7.7592134
65,168,1357.910064,8.082798
64,169,1357.915,8.035
68,167,1357.999778,8.131735198
74,170,1361.521194,8.0089482
72,169,1362.440668,8.061779101
100,258,1913.844,7.418
103,259,1914.01,7.39
106,261,1915.680231,7.339771
102,259,1916.592593,7.399971402
107,262,1916.722072,7.315733099
101,259,1917.895,7.405
104,260,1918.02,7.377
75,171,1362.76964,7.969413099
70,168,1362.797016,8.111887
64,170,1362.89,8.017
66,168,1362.904922,8.112529298
69,168,1363.311869,8.114951601
67,168,1363.623425,8.116806101
65,169,1363.661,8.069
73,170,1365.150405,8.0302965
68,168,1365.77107,8.129589702
76,172,1366.051967,7.942162599
64,171,1366.29,7.99
77,173,1366.365764,7.898068
71,169,1366.588638,8.086323302
65,170,1367.99,8.047
66,169,1368.013865,8.094756598
79,175,1368.078933,7.817593903
81,177,1368.593294,7.732165503
78,174,1368.703888,7.866114299
82,178,1368.96879,7.690835899
74,171,1369.387802,8.008115801
70,169,1369.663981,8.104520598
80,176,1369.748864,7.782664
67,169,1370.431512,8.109062201
75,172,1371.157512,7.971846
64,172,1371.184,7.972
69,169,1371.345464,8.114470201
68,169,1371.774318,8.117007799
72,170,1372.048954,8.0708762
65,171,1373.13,8.03
71,170,1373.883662,8.0816686
66,170,1374.28,8.084
76,173,1374.317899,7.944034098
73,171,1374.804329,8.039791398
77,174,1374.95456,7.902037701
67,170,1375.944334,8.0937902
65,172,1377.032,8.006
78,175,1377.16628,7.8695216
79,176,1377.267531,7.825383699
81,178,1377.898,7.741
69,170,1377.937448,8.1055144
70,170,1378.123717,8.1066101
82,179,1378.561877,7.701463
66,171,1378.602,8.062
80,177,1378.811362,7.789894701
68,170,1379.031993,8.1119529
72,171,1379.297748,8.066068702
74,172,1379.47022,8.020175698
75,173,1381.215876,7.983906798
65,173,1381.924,7.988
67,171,1382.295959,8.083602099
71,171,1382.477219,8.084662099
73,172,1382.485363,8.037705599
66,172,1384.428,8.049
68,171,1384.713608,8.097740398
70,171,1384.737925,8.097882602
76,174,1384.946353,7.959461799
69,171,1385.42372,8.101893099
65,174,1385.562,7.963
77,175,1385.63446,7.9179112
74,173,1387.17173,8.018333699
67,172,1387.352,8.066
72,172,1388.339951,8.071743901
79,177,1388.363627,7.843862299
78,176,1388.462838,7.888993398
66,173,1388.498,8.026
75,174,1389.406426,7.985094402
71,172,1389.456145,8.078233401
81,179,1389.665462,7.763494201
80,178,1390.422205,7.811360702
82,180,1390.625874,7.7256993
68,172,1391.549694,8.090405198
73,173,1391.623245,8.044065
69,172,1391.658312,8.091036698
70,172,1392.757874,8.0974295
76,175,1393.127645,7.9607294
67,173,1393.342,8.054
66,174,1393.914,8.011
77,176,1394.193187,7.921552199
72,173,1395.420837,8.066016399
74,174,1396.742753,8.027257201
68,173,1396.802,8.074
78,177,1396.970659,7.892489599
79,178,1397.192239,7.849394601
66,175,1397.55,7.986
71,173,1397.672398,8.079031202
67,174,1397.916,8.034
69,173,1398.612151,8.084463301
81,180,1398.85758,7.771431
73,174,1399.038787,8.040452799
75,175,1399.09294,7.9948168
80,179,1399.111095,7.816263101
70,173,1399.124975,8.087427601
82,181,1399.866742,7.734070398
66,176,1402.544,7.969
68,174,1403.136,8.064
76,176,1403.224786,7.972868102
67,175,1403.325,8.019
72,174,1403.924933,8.068534098
74,175,1404.219775,8.024113
69,174,1404.291917,8.070643201
77,177,1404.430006,7.934632802
71,174,1404.432996,8.071454
70,174,1406.589569,8.083848098
75,176,1406.938843,7.993970699
67,176,1407.472,7.997
78,178,1407.669034,7.908253
73,175,1407.77798,8.0444456
68,175,1407.875,8.045
79,179,1407.949095,7.865637402
81,181,1410.337212,7.791918298
80,180,1410.499998,7.8361111
72,175,1410.633438,8.060762503
69,175,1410.809278,8.061767303
76,177,1411.121367,7.972437102
82,182,1411.651987,7.756329599
71,175,1412.09971,8.0691412
70,175,1412.411928,8.070925303
67,177,1412.46,7.98
77,178,1412.708214,7.936563
74,176,1413.299906,8.030113102
68,176,1413.984,8.034
73,176,1414.806026,8.038670602
69,176,1415.941366,8.045121398
78,179,1416.010986,7.910675899
75,177,1416.216453,8.001222898
67,178,1416.346,7.957
79,180,1416.657492,7.8703194
68,177,1418.301,8.013
71,176,1418.387678,8.059020898
72,176,1418.79943,8.061360398
81,182,1418.936992,7.796357099
80,181,1418.981935,7.839679199
83,184,1419.008,7.712
70,176,1419.279013,8.064085301
74,177,1420.431354,8.025035898
82,183,1420.478757,7.762179
76,178,1420.780478,7.981912798
69,177,1422.195,8.035
77,179,1422.606939,7.947524799
73,177,1423.226715,8.040828898
75,178,1423.672053,7.998157601
68,178,1423.822,7.999
70,177,1424.845416,8.049974102
72,177,1425.175061,8.051836503
71,177,1425.460562,8.053449503
78,180,1426.244058,7.9235781
79,181,1426.974298,7.883835901
69,178,1427.026,8.017
68,179,1427.704,7.976
76,179,1428.327708,7.979484402
74,178,1429.207995,8.029258399
80,182,1429.969013,7.856972599
73,178,1430.23,8.035
81,183,1430.26836,7.815674098
83,185,1430.42,7.732
77,180,1430.574066,7.9476337
84,186,1431.446477,7.695948801
71,178,1431.485861,8.042055399
70,178,1431.607471,8.042738601
82,184,1432.021658,7.782726402
75,179,1432.674221,8.003766598
69,179,1432.716,8.004
68,180,1432.8,7.96
72,178,1432.800996,8.049443798
78,181,1434.267005,7.924127099
79,182,1435.478444,7.887244198
74,179,1436.167496,8.023282101
70,179,1436.654,8.026
69,180,1436.94,7.983
76,180,1437.735078,7.9874171
73,179,1438.012055,8.033586899
80,183,1438.268096,7.859388503
71,179,1438.278318,8.035074402
81,184,1438.635777,7.818672701
72,179,1438.899985,8.038547402
83,186,1439.475855,7.7391175
75,180,1439.998596,7.9999922
77,181,1440.13088,7.956524199
82,185,1440.582605,7.786933
84,187,1440.795524,7.704788898
69,181,1442.389,7.969
70,180,1442.88,8.016
71,180,1443.967092,8.0220394
78,182,1444.125246,7.934754099
74,180,1444.579812,8.0254434
73,180,1444.659552,8.0258864
76,181,1445.00016,7.983426298
79,183,1445.437285,7.898564399
72,180,1446.287742,8.0349319
70,181,1447.276,7.996
77,182,1447.790854,7.954894802
75,181,1448.749955,8.004143398
80,184,1448.879554,7.874345402
81,185,1449.581486,7.8355756
71,181,1450.159348,8.011930099
107,261,1909.823469,7.317331299
104,259,1910.643,7.377
102,258,1911.006,7.407
101,258,1911.692667,7.4096615
105,260,1912.82,7.357
100,259,1918.413,7.407
108,263,1918.585,7.295
103,260,1919.58,7.383
105,261,1920.177,7.357
101,260,1922.96,7.396
102,260,1923.22,7.397
106,262,1923.387483,7.341173599
104,261,1923.931694,7.371385801
107,263,1924.634,7.318
83,187,1450.784952,7.758208299
74,181,1451.248841,8.017949398
82,186,1451.793612,7.805342
78,183,1451.80133,7.933340601
72,181,1451.982543,8.022003
84,188,1452.235027,7.724654399
73,181,1452.236305,8.023405
70,182,1453.088,7.984
79,184,1453.635825,7.900194701
76,182,1454.130623,7.989728698
71,182,1455.272,7.996
75,182,1455.750005,7.998626401
80,185,1456.789734,7.874539103
77,183,1457.012621,7.961817601
70,183,1457.229,7.963
81,186,1457.777995,7.837516102
73,182,1458.299242,8.012633198
72,182,1458.700534,8.014838099
74,182,1459.332347,8.018309599
83,188,1459.667795,7.764190399
82,187,1460.170987,7.808401
110,277,2004.649,7.237
111,278,2006.604,7.218
109,277,2007.419,7.247
108,277,2009.912,7.256
109,278,2012.72,7.24
113,282,2023.914,7.177
111,281,2025.729,7.209
110,281,2028.82,7.22
112,282,2029.554,7.197
84,189,1461.183967,7.731132101
71,183,1461.220688,7.984812503
76,183,1461.256592,7.985008699
78,184,1461.431942,7.942564902
70,184,1462.984,7.951
79,185,1463.246585,7.909441
72,183,1464.005765,8.000031503
75,183,1464.184848,8.001010098
77,184,1464.492653,7.959199201
73,183,1465.23342,8.00674
74,183,1465.523182,8.008323399
71,184,1465.928,7.967
70,185,1466.865,7.929
80,186,1467.216453,7.8882605
81,187,1468.410955,7.852465
78,185,1468.858912,7.939777903
76,184,1469.916715,7.988677799
72,184,1470.292995,7.990722799
83,189,1470.608981,7.780999899
75,184,1470.666313,7.992751701
73,184,1470.850644,7.9937535
82,188,1471.066367,7.824821101
79,186,1471.174607,7.909540898
85,191,1471.25835,7.702923298
71,185,1471.675,7.955
84,190,1472.395994,7.7494526
74,184,1472.934297,8.005077701
77,185,1473.288681,7.9637226
80,187,1474.867224,7.886990503
72,185,1475.184654,7.973971103
71,186,1476.096,7.936
81,188,1476.374096,7.853053702
76,185,1476.54137,7.981304703
73,185,1477.476878,7.986361503
78,186,1478.106548,7.946809398
75,185,1478.336869,7.991010103
74,185,1478.688036,7.992908303
82,189,1479.170681,7.826299899
83,190,1479.211541,7.7853239
77,186,1480.196798,7.958047301
85,192,1480.267834,7.709728302
79,187,1480.55984,7.917432299
84,191,1480.973336,7.753787099
72,186,1481.360395,7.964303199
86,193,1481.439629,7.675853
71,187,1481.601,7.923
73,186,1482.76144,7.971835699
75,186,1484.516462,7.981271301
76,186,1484.806826,7.982832398
78,187,1484.998771,7.941169898
80,188,1485.018392,7.899034
71,188,1485.764,7.903
74,186,1485.880084,7.988602602
72,187,1486.089,7.947
81,189,1486.725106,7.866270402
79,188,1487.973696,7.914753702
77,187,1488.64514,7.960669198
73,187,1489.1207,7.963212299
82,190,1489.814586,7.8411294
83,191,1489.926308,7.800661298
76,187,1491.097122,7.973781401
85,193,1491.332211,7.727109902
74,187,1491.346842,7.975116802
75,187,1491.877005,7.977951898
72,188,1491.968,7.936
84,192,1492.042406,7.771054198
80,189,1492.517729,7.896919201
86,194,1492.829243,7.694996098
78,188,1494.205708,7.947902702
73,188,1494.224,7.948
81,190,1494.546555,7.8660345
77,188,1495.512026,7.954851202
72,189,1496.313,7.917
79,189,1497.255656,7.921987598
75,188,1497.748643,7.966748101
82,191,1497.760536,7.841678199
74,188,1498.182002,7.969053202
83,192,1498.292813,7.803608401
76,188,1499.086733,7.973865601
85,194,1500.052698,7.732230402
73,189,1500.282,7.938
84,193,1500.372543,7.773951
78,189,1500.925451,7.941404503
86,195,1501.5749,7.700384103
72,190,1501.95,7.905
80,190,1502.333306,7.9070174
74,189,1503.306,7.954
77,189,1503.688045,7.956021402
81,191,1504.5346,7.877144503
79,190,1504.578555,7.9188345
75,189,1504.782185,7.961810503
76,189,1505.007548,7.963002899
73,190,1505.18,7.922
82,192,1508.092454,7.854648198
83,193,1508.714157,7.817171798
80,191,1509.625838,7.903800199
78,190,1509.833879,7.9464941
74,190,1510.025589,7.9475031
77,190,1510.063323,7.9477017
75,190,1510.457421,7.9497759
85,195,1510.877823,7.7480914
73,191,1511.001,7.911
84,194,1511.123172,7.789294701
87,197,1511.731508,7.673764
81,192,1512.195206,7.876016698
86,196,1512.721336,7.717966
76,190,1512.799893,7.9621047
79,191,1513.614243,7.924681901
74,191,1514.904257,7.931435901
73,192,1515.648,7.894
82,193,1515.841184,7.854099399
78,191,1516.297029,7.938727901
83,194,1516.923927,7.8191955
75,191,1517.296131,7.943958801
77,191,1518.08985,7.948114398
76,191,1518.558622,7.950568702
80,192,1519.116787,7.912066599
84,195,1519.306523,7.791315503
85,196,1519.39202,7.752000102
87,198,1520.479085,7.679187298
79,192,1520.659834,7.920103302
86,197,1521.257443,7.722119
74,192,1521.408,7.924
73,193,1521.419,7.883
81,193,1521.871489,7.885344503
75,192,1522.605869,7.930238901
77,192,1524.287981,7.938999901
78,192,1524.958522,7.942492302
73,194,1525.81,7.865
82,194,1525.891111,7.865418098
74,193,1526.051,7.907
76,192,1526.116992,7.948526
80,193,1526.238789,7.907973
83,195,1526.997791,7.830757903
75,193,1529.319995,7.923937798
79,193,1529.363806,7.924164798
81,194,1529.403093,7.883521098
84,196,1529.729922,7.8047445
85,197,1529.905428,7.766017401
78,193,1531.220988,7.933787503
87,199,1531.35672,7.695259899
76,193,1531.700419,7.936271601
77,193,1532.059978,7.938134601
86,198,1532.069451,7.7377245
74,194,1532.406,7.899
82,195,1533.492617,7.864064703
75,194,1534.346,7.909
83,196,1535.052576,7.831900898
80,194,1535.431896,7.914597402
79,194,1536.242234,7.918774402
74,195,1536.795,7.881
84,197,1537.725579,7.805713599
77,194,1538.126769,7.9284885
85,198,1538.330231,7.769344601
81,195,1538.692214,7.890729303
76,194,1538.812501,7.932023201
78,194,1539.572748,7.935942
87,200,1540.06584,7.7003292
86,199,1540.470303,7.741056799
75,195,1540.695,7.901
88,201,1541.551571,7.669410801
80,195,1542.33261,7.909398
74,196,1542.912,7.872
82,196,1543.17413,7.873337398
76,195,1543.960256,7.917744903
79,195,1544.668671,7.9213778
83,197,1544.802056,7.841634802
77,195,1545.35862,7.924916
75,196,1545.656,7.886
78,195,1545.677835,7.926553
81,196,1546.10484,7.88829
74,197,1547.041,7.853
84,198,1547.877098,7.817561101
85,199,1548.516172,7.781488302
82,197,1550.642593,7.871282198
87,201,1550.682177,7.714836701
76,196,1550.7971,7.912230102
86,200,1550.98222,7.7549111
77,196,1551.173145,7.914148699
80,196,1551.21652,7.91437
79,196,1551.311639,7.914855301
75,197,1551.769,7.877
88,202,1552.484817,7.685568401
83,198,1552.560035,7.841212298
78,196,1553.599821,7.926529699
81,197,1555.033783,7.893572503
76,197,1555.709,7.897
84,199,1555.713982,7.817658201
75,198,1556.478,7.861
85,200,1556.75202,7.7837601
80,197,1558.002119,7.908640198
77,197,1558.073059,7.909000299
86,201,1559.160497,7.757017398
87,202,1559.240525,7.7190125
79,197,1559.383996,7.915654802
78,197,1559.446366,7.915971401
82,198,1560.035961,7.8789695
88,203,1561.029705,7.689801502
83,199,1562.055117,7.849523201
75,199,1562.15,7.85
76,198,1562.22,7.89
81,198,1562.279618,7.890301101
77,198,1563.606,7.897
84,200,1565.48814,7.8274407
79,198,1565.896365,7.9085675
80,198,1566.487534,7.911553202
85,201,1566.624874,7.794153602
76,199,1566.926,7.874
78,198,1567.001938,7.914151202
82,199,1567.271583,7.875736598
86,202,1569.398964,7.769301802
87,203,1569.536968,7.731709202
83,200,1569.69938,7.8484969
77,199,1570.350113,7.891206598
81,199,1570.881583,7.893877302
89,205,1570.88464,7.662851902
88,204,1571.641255,7.704123799
78,199,1572.557919,7.902301101
84,201,1573.138942,7.8265619
80,199,1573.150601,7.905279402
76,200,1573.4,7.867
79,199,1573.480642,7.906937899
85,202,1574.501867,7.794563698
77,200,1575.6,7.878
82,200,1576.36202,7.8818101
86,203,1577.379771,7.7703437
76,201,1577.649,7.849
87,204,1577.877392,7.734693098
81,200,1577.94074,7.8897037
83,201,1578.829131,7.854871299
89,206,1579.577883,7.667853801
79,200,1579.6983,7.8984915
78,200,1579.83972,7.8991986
88,205,1579.969809,7.7071698
80,200,1581.17912,7.9058956
77,201,1581.87,7.87
84,202,1582.630671,7.834805302
82,201,1583.453518,7.877878199
76,202,1583.478,7.839
85,203,1584.140686,7.8036487
78,201,1585.052574,7.885833701
81,201,1586.145612,7.891271701
83,202,1586.222311,7.852585698
76,203,1586.242,7.814
77,202,1586.71,7.855
79,201,1586.930215,7.895175199
86,204,1587.237157,7.780574299
80,201,1587.409701,7.897560701
87,205,1587.865835,7.745687
89,207,1589.987721,7.681100101
84,203,1590.07123,7.832863202
88,206,1590.279377,7.719802801
90,208,1591.734893,7.652571601
85,204,1591.924649,7.803552201
78,202,1592.075302,7.881560901
82,202,1592.194401,7.8821505
77,203,1592.535,7.845
79,202,1592.95382,7.88591
81,202,1593.016561,7.886220599
86,205,1595.048133,7.7807226
83,203,1595.067669,7.857476202
80,202,1595.163801,7.8968505
87,206,1595.874193,7.746962102
77,204,1595.892,7.823
78,203,1597.001,7.867
88,207,1598.402312,7.7217503
89,208,1598.444411,7.684828899
82,203,1599.111591,7.877397
84,204,1599.172789,7.839082299
79,203,1599.815595,7.880865
77,205,1600.025,7.805
90,209,1600.104,7.656
81,203,1600.868759,7.886053
85,205,1601.105227,7.8102694
80,203,1601.159008,7.887482798
83,204,1602.260003,7.854215701
78,204,1603.236,7.859
86,206,1604.54259,7.789041699
79,204,1605.072,7.868
87,207,1605.547662,7.756268899
78,205,1606.38,7.836
84,205,1606.424444,7.8362168
82,204,1607.50625,7.879932598
81,204,1607.524855,7.880023799
88,208,1608.259682,7.732017702
89,209,1608.43171,7.695845502
85,206,1608.631422,7.808890398
80,204,1608.651282,7.8855455
91,211,1609.802303,7.629394801
90,210,1610.506044,7.6690764
83,205,1610.750969,7.8573218
78,206,1610.92,7.82
79,205,1611.3,7.86
86,207,1612.115731,7.7879987
87,208,1613.434888,7.7568985
78,207,1613.979,7.797
82,205,1614.237917,7.874331302
80,205,1614.320163,7.874732502
79,206,1615.04,7.84
81,205,1615.070893,7.8783946
84,206,1615.163044,7.840597301
88,209,1616.200699,7.733017699
89,210,1616.583822,7.6980182
85,207,1617.490817,7.8139653
83,206,1617.784929,7.853324898
78,208,1618.24,7.78
91,212,1618.329327,7.633628901
90,211,1618.760477,7.671850602
79,207,1619.568,7.824
80,206,1621.049494,7.869172301
86,208,1621.207702,7.794267798
81,206,1621.574711,7.871721898
84,207,1622.191394,7.836673401
82,206,1622.324572,7.875362
87,209,1622.623437,7.763748502
79,208,1623.024,7.803
80,207,1624.662518,7.848611198
85,208,1624.804563,7.811560399
88,210,1625.687427,7.7413687
83,207,1625.882597,7.8545053
89,211,1626.275748,7.707468
79,209,1627.274,7.786
91,213,1628.342975,7.6448027
81,207,1628.427165,7.866797899
86,209,1628.56468,7.792175502
90,212,1628.597314,7.682062802
82,207,1629.062345,7.869866401
80,208,1629.511811,7.834191399
87,210,1630.256103,7.7631243
79,210,1630.44,7.764
84,208,1630.586214,7.839356798
81,208,1632.214168,7.8471835
83,208,1632.769507,7.849853399
80,209,1632.917,7.813
85,209,1633.289752,7.814783502
88,211,1633.369716,7.741088701
89,212,1634.190955,7.708447901
82,208,1636.430224,7.867453
91,214,1636.608592,7.647703701
90,213,1636.659411,7.683847
81,209,1637.180161,7.8333979
86,210,1637.299713,7.7966653
84,209,1637.554334,7.835188201
80,210,1637.79,7.799
92,215,1638.468152,7.620782102
87,211,1639.124234,7.768361299
83,209,1640.229262,7.8479869
82,209,1640.367599,7.848648799
85,210,1640.449398,7.8116638
81,210,1640.85369,7.813589
80,211,1640.947,7.777
88,212,1642.471654,7.747507802
89,213,1643.42084,7.715590798
86,211,1644.521593,7.793941199
83,210,1644.833904,7.8325424
84,210,1645.212702,7.8343462
80,212,1645.544,7.762
82,210,1645.552776,7.8359656
81,211,1645.756007,7.799791502
90,214,1646.155902,7.692317299
91,215,1646.33526,7.657373302
87,212,1646.571246,7.7668455
85,211,1648.1958,7.811354502
92,216,1648.362355,7.631307199
80,213,1648.407,7.739
81,212,1649.36,7.78
82,211,1649.388667,7.8170079
84,211,1649.763466,7.818784199
83,211,1649.97242,7.819774502
88,213,1649.998664,7.746472601
89,214,1651.199904,7.715887402
86,212,1652.496816,7.794796302
80,214,1652.936,7.724
85,212,1653.24808,7.79834
90,215,1654.000719,7.6930266
81,213,1654.036824,7.765431099
83,212,1654.302568,7.803314
91,216,1654.38733,7.659200602
82,212,1654.515904,7.804320302
87,213,1654.680766,7.7684543
80,215,1655.715,7.701
84,212,1655.771686,7.810243802
92,217,1656.578,7.634
81,214,1657.43,7.745
86,213,1657.604851,7.782182399
82,213,1658.241892,7.785173202
88,214,1658.322787,7.749171902
85,213,1659.270767,7.790003601
83,213,1659.487622,7.7910217
89,215,1659.673946,7.719413702
80,216,1659.96,7.685
84,213,1660.127112,7.794024
87,214,1660.15621,7.757739299
81,215,1661.95,7.73
90,216,1662.694927,7.697661699
91,217,1663.227705,7.664643802
82,214,1663.292637,7.7723955
83,214,1663.528037,7.7734955
88,215,1663.954854,7.739324902
85,214,1664.141725,7.776363201
86,214,1664.299892,7.777102299
81,216,1665.144,7.709
93,219,1665.423431,7.604673201
89,216,1665.62609,7.711231898
92,218,1665.676764,7.640719101
84,214,1666.014888,7.785116299
82,215,1666.838692,7.752738102
87,215,1666.951051,7.753260702
83,215,1668.769306,7.761717702
90,217,1668.859007,7.690594502
86,215,1669.220526,7.7638164
81,217,1669.381,7.693
91,218,1669.704183,7.6591935
85,215,1670.090481,7.767862702
84,215,1670.158012,7.7681768
88,216,1671.266693,7.737345801
82,216,1671.84,7.74
92,219,1672.346787,7.636286699
87,216,1672.369481,7.742451301
93,220,1672.456676,7.6020758
83,216,1672.595914,7.743499602
89,217,1673.144822,7.710344802
85,216,1674.648518,7.753002398
82,217,1675.023,7.719
86,216,1675.869545,7.758655301
84,216,1675.905228,7.7588205
88,217,1676.739947,7.726912198
90,218,1676.769367,7.691602601
83,217,1677.811255,7.731849101
91,219,1677.841848,7.661378301
89,218,1679.06761,7.702145
87,217,1679.097175,7.737775
82,218,1679.69,7.705
84,217,1679.875424,7.741361401
86,217,1680.535603,7.7444037
85,217,1680.581932,7.744617198
83,218,1681.396504,7.712828
90,219,1682.744645,7.683765502
82,219,1682.796,7.684
95,223,1682.981,7.547
88,218,1684.055254,7.725024101
91,220,1684.218008,7.6555364
87,218,1684.423717,7.726714298
85,218,1684.947615,7.7291175
84,218,1685.47354,7.73153
83,219,1686.3,7.7
89,219,1686.420209,7.7005489
86,218,1687.048089,7.738752702
92,221,1687.265363,7.6346849
82,220,1687.4,7.67
93,222,1687.799689,7.602701302
84,219,1689.220146,7.713334
88,219,1689.378264,7.714056
83,220,1689.82,7.681
90,220,1690.589208,7.6844964
85,219,1690.723143,7.720197
87,219,1690.937522,7.7211759
86,219,1691.50747,7.723778402
91,221,1692.192779,7.6569809
89,220,1692.31733,7.6923515
83,221,1694.628,7.668
84,220,1694.709368,7.7032244
85,220,1694.814726,7.7037033
92,222,1695.583852,7.637765099
87,220,1696.14346,7.709743
90,221,1696.410144,7.676064
93,223,1696.487084,7.607565399
88,220,1696.571338,7.7116879
86,220,1697.796144,7.7172552
83,222,1697.856,7.648
84,221,1698.270389,7.684481398
91,222,1698.574681,7.651237302
89,221,1699.601362,7.6905039
85,221,1700.479063,7.694475398
92,223,1701.882725,7.631761099
88,221,1701.950879,7.701135199
86,221,1702.008096,7.7013941
87,221,1702.419841,7.703257199
83,223,1702.828,7.636
93,224,1703.184717,7.603503201
84,222,1703.629199,7.674005401
90,222,1704.218342,7.676659198
85,222,1704.380092,7.677387802
89,222,1705.581933,7.6828015
83,224,1705.984,7.616
91,223,1706.372741,7.6518957
84,223,1707.065,7.655
87,222,1707.390323,7.690947401
86,222,1708.1788,7.694499099
88,222,1708.665868,7.696693099
85,223,1709.976421,7.6680557
90,223,1710.1073,7.668642601
92,224,1710.256621,7.635074201
93,225,1711.670198,7.607423102
86,223,1712.232356,7.678172
84,224,1712.256,7.644
89,223,1712.449982,7.679147901
91,224,1712.919309,7.646961201
87,223,1713.457407,7.683665502
85,224,1713.76473,7.650735402
88,223,1713.824152,7.685310099
84,225,1715.85,7.626
92,225,1716.698633,7.629771702
90,224,1717.568429,7.667716201
89,224,1718.112211,7.670143799
87,224,1718.162432,7.670368
86,224,1718.248314,7.670751402
93,226,1718.542736,7.604171398
85,225,1719.225,7.641
88,224,1720.302886,7.679923598
91,225,1720.49634,7.6466504
84,226,1720.764,7.614
86,225,1722.230573,7.654358102
85,226,1723.024,7.624
90,225,1723.325153,7.659222902
87,225,1724.16177,7.6629412
84,227,1724.292,7.596
89,225,1724.780385,7.6656906
92,226,1724.813152,7.631916602
88,225,1725.206985,7.6675866
93,227,1726.851902,7.607277101
91,226,1726.890702,7.641109301
86,226,1728.088841,7.646410801
85,227,1728.151,7.613
87,226,1728.533157,7.648376801
89,226,1730.179793,7.655662801
90,226,1730.509007,7.6571195
94,228,1730.612089,7.590403899
92,227,1731.168239,7.626291802
88,226,1731.603774,7.661963602
95,229,1731.828461,7.562569699
85,228,1731.888,7.596
86,227,1732.021532,7.630050802
93,228,1733.712,7.604
91,227,1734.165252,7.639494502
87,227,1734.442577,7.640716198
90,227,1735.973216,7.647459101
88,227,1736.16519,7.648304802
89,227,1736.710807,7.650708401
85,229,1736.965,7.585
94,229,1737.396299,7.586883402
86,228,1737.73522,7.621645702
87,228,1738.812109,7.626368899
92,228,1739.064596,7.627476298
95,230,1739.26,7.562
91,228,1740.143333,7.632207601
86,229,1741.687598,7.605622699
89,228,1741.736984,7.639197298
93,229,1741.772191,7.6059921
88,228,1742.473789,7.642428899
90,228,1743.0784,7.645080702
87,229,1744.599402,7.618338
92,229,1745.145292,7.620721799
94,230,1745.930368,7.5910016
86,230,1746.85,7.595
88,229,1746.92334,7.628486201
91,229,1747.241421,7.629875201
89,229,1748.013013,7.633244598
90,229,1748.335079,7.634651
93,230,1748.408273,7.6017751
87,230,1748.852196,7.6037052
86,231,1750.749,7.579
97,233,1751.927,7.519
94,231,1752.625274,7.587122398
92,230,1752.812221,7.6209227
89,230,1752.935892,7.6214604
91,230,1753.036034,7.6218958
88,230,1753.040312,7.6219144
87,231,1754.329708,7.5945009
95,232,1754.848,7.564
90,230,1755.129402,7.6309974
93,231,1756.092515,7.6021321
88,231,1757.411456,7.607841801
96,233,1758.218466,7.546002
87,232,1758.408759,7.579348099
92,231,1758.692605,7.6133879
89,231,1759.082741,7.615076801
97,234,1759.446,7.519
91,231,1759.856568,7.618426701
90,231,1760.247443,7.620118801
94,232,1760.644265,7.588983901
93,232,1762.504,7.597
95,233,1763.111,7.567
88,232,1763.202297,7.600009901
87,233,1763.632873,7.569239798
89,232,1763.762484,7.6024245
91,232,1765.40567,7.609507198
92,232,1765.960429,7.611898401
90,232,1766.687842,7.615033802
96,234,1766.860711,7.550686799
94,233,1767.024654,7.583796798
88,233,1767.436505,7.585564399
89,233,1769.680179,7.595193901
93,233,1769.910313,7.596181601
95,234,1769.976,7.564
90,233,1771.474232,7.6028937
92,233,1771.722074,7.603957399
91,233,1771.934128,7.604867502
88,234,1772.911273,7.576543902
96,235,1773.545,7.547
89,234,1774.21835,7.582129701
94,234,1774.797827,7.584606098
97,236,1775.428,7.523
93,234,1775.975339,7.589638201
91,234,1777.155986,7.594683701
90,234,1777.664234,7.596855701
95,235,1777.812177,7.5651582
98,237,1778.294116,7.5033507
92,234,1778.567544,7.600716
89,235,1779.773699,7.573505102
94,235,1781.036777,7.578879902
96,236,1781.872924,7.550309
90,235,1782.330757,7.5843862
93,235,1782.958419,7.587057102
91,235,1783.277267,7.588413902
92,235,1783.865049,7.590915102
89,236,1783.981183,7.559242301
95,236,1784.396,7.561
98,238,1787.142,7.509
90,236,1788.164637,7.576968801
91,236,1788.303523,7.577557301
94,236,1788.388931,7.577919199
96,237,1788.549912,7.546624101
93,236,1788.694693,7.579214801
92,236,1790.410554,7.586485398
97,238,1790.95,7.525
95,237,1791.957,7.561
90,237,1792.536062,7.5634433
98,239,1794.173,7.507
91,237,1794.181174,7.5703847
94,237,1794.270096,7.570759899
93,237,1795.272512,7.574989502
99,240,1795.44,7.481
92,237,1795.536316,7.576102599
96,238,1796.423191,7.547996601
100,241,1797.619,7.459
90,238,1798.09,7.555
95,238,1798.229301,7.555585298
91,238,1798.886086,7.558344899
97,239,1798.953,7.527
93,238,1800.760836,7.566222
94,238,1801.269942,7.568361101
92,238,1801.690036,7.570126202
98,240,1802.4576,7.51024
96,239,1802.79275,7.5430659
99,241,1803.885,7.485
91,239,1804.45,7.55
95,239,1805.331695,7.5536891
97,240,1805.52,7.523
92,239,1806.496414,7.558562402
100,242,1806.53,7.465
94,239,1806.916169,7.560318699
93,239,1806.975752,7.560568
98,241,1809.187,7.507
96,240,1810.286808,7.5428617
99,242,1810.886,7.483
95,240,1811.283264,7.5470136
93,240,1812.041832,7.5501743
92,240,1812.42492,7.5517705
97,241,1813.284,7.524
94,240,1813.450392,7.5560433
100,243,1813.752,7.464
101,244,1814.872,7.438
96,241,1816.380561,7.536848801
92,241,1816.899,7.539
98,242,1817.201982,7.509099099
95,241,1817.93036,7.543279502
93,241,1818.114267,7.544042602
94,241,1818.69192,7.546439502
99,243,1819.098,7.486
97,242,1819.598,7.519
100,244,1822.192,7.468
92,242,1822.744,7.532
101,245,1823.045,7.441
93,242,1823.083816,7.533404198
96,242,1823.349968,7.534504
95,242,1823.467991,7.534991698
98,243,1823.715,7.505
94,242,1825.001473,7.541328401
99,244,1825.852,7.483
97,243,1826.75301,7.517502099
92,243,1826.874,7.518
93,243,1828.818,7.526
100,245,1828.925,7.465
96,243,1829.043042,7.526926099
95,243,1829.832331,7.530174202
94,243,1830.035114,7.5310087
101,246,1830.486,7.441
98,244,1831.253501,7.505137299
97,244,1832.80012,7.511475902
93,244,1833.416,7.514
99,245,1833.825,7.485
95,244,1835.199518,7.5213095
96,244,1835.844459,7.523952701
94,244,1836.054958,7.524815402
100,246,1837.118357,7.467960801
98,245,1837.417778,7.4996644
101,247,1838.668,7.444
97,245,1839.771493,7.5092714
99,246,1840.273085,7.480784898
94,245,1840.754139,7.5132822
102,248,1841.152,7.424
95,245,1841.249554,7.515304302
96,245,1841.363087,7.515767702
100,247,1843.608,7.464
98,246,1844.784012,7.499122
101,248,1845.616,7.442
97,246,1845.689661,7.5028035
95,246,1846.23,7.505
94,246,1846.608865,7.506540102
99,247,1847.584824,7.480100502
96,246,1847.822014,7.511471602
102,249,1848.078,7.422
94,247,1850.771,7.493
98,247,1850.836159,7.493263802
100,248,1851.554385,7.465945101
97,247,1852.238378,7.498940802
95,247,1852.253,7.499
96,247,1852.977155,7.501931802
101,249,1853.560208,7.4440169
99,248,1854.048,7.476
102,250,1856.5,7.426
95,248,1856.776,7.487
97,248,1857.66818,7.4905975
98,248,1857.778912,7.491044
100,249,1858.00436,7.4618649
96,248,1859.188817,7.496729101
101,250,1860.413325,7.4416533
99,249,1861.026,7.474
102,251,1863.173,7.423
98,249,1863.365455,7.483395402
96,249,1863.902199,7.485551
97,249,1864.024209,7.486041
103,252,1864.8,7.4
100,250,1865.522625,7.4620905
104,253,1867.14,7.38
99,250,1867.25,7.469
101,251,1867.917026,7.441900502
97,250,1868.98985,7.4759594
96,250,1869.734625,7.4789385
98,250,1869.989175,7.4799567
102,252,1871.301398,7.425799198
100,251,1871.707326,7.457001299
103,253,1872.938254,7.402918
99,251,1873.936934,7.465884199
96,251,1874.147548,7.466723299
101,252,1874.487989,7.438444401
97,251,1874.785189,7.469263701
98,251,1875.095851,7.470501398
104,254,1875.536,7.384
105,255,1876.545,7.359
102,253,1877.885391,7.422471901
100,252,1878.920845,7.456035099
99,252,1879.225186,7.457242802
103,254,1879.887172,7.401130598
98,252,1881.267545,7.465347401
101,253,1881.814,7.438
104,255,1882.41,7.382
105,256,1883.904,7.359
100,253,1884.463214,7.448471202
97,253,1885.103,7.451
99,253,1885.580639,7.452887901
102,254,1885.592089,7.423590902
98,253,1886.071914,7.4548297
103,255,1887.657059,7.402576702
101,254,1887.728,7.432
99,254,1890.668279,7.443575902
104,256,1890.671334,7.385434898
100,254,1890.977574,7.444793598
102,255,1891.574777,7.417940302
105,257,1892.028012,7.3619767
98,254,1892.103379,7.449225902
103,256,1893.929088,7.3981605
106,258,1894.236,7.342
101,255,1894.326992,7.428733302
100,255,1896.15093,7.435886
99,255,1896.644508,7.4378216
98,255,1896.69,7.438
104,257,1897.098262,7.3817053
102,256,1898.634982,7.416542898
105,258,1898.745917,7.359480298
101,256,1899.776,7.421
103,257,1901.029,7.397
106,259,1901.06,7.34
99,256,1901.568,7.428
107,260,1901.64,7.314
100,256,1902.537933,7.431788801
98,256,1902.592,7.432
102,257,1904.282286,7.4096587
104,258,1904.691631,7.382525702
101,257,1906.319217,7.417584502
105,259,1906.333913,7.360362598
103,258,1907.136,7.392
99,257,1907.454,7.422
100,257,1907.503909,7.422194198
106,260,1909.066432,7.3425632
105,262,1926.224,7.352
103,261,1926.441,7.381
108,264,1926.771317,7.298376201
106,263,1929.631,7.337
104,262,1930.94,7.37
107,264,1931.16,7.315
103,262,1931.988,7.374
108,265,1933.505561,7.2962474
105,263,1933.576,7.352
109,266,1934.022107,7.270759801
102,262,1934.87,7.385
110,267,1935.216,7.248
104,263,1936.732,7.364
106,264,1937.232,7.338
107,265,1938.74,7.316
108,266,1941.337453,7.298261102
106,265,1943.245,7.333
103,264,1943.832,7.363
107,266,1945.258,7.313
108,267,1947.765,7.295
109,268,1948.628,7.271
104,265,1948.81,7.354
110,269,1950.291722,7.2501551
106,266,1950.312,7.332
105,266,1952.174,7.339
107,267,1952.571,7.313
103,266,1954.834,7.349
108,268,1955.596,7.297
106,267,1956.309,7.327
110,270,1958.516118,7.2537634
105,267,1958.979,7.337
104,267,1960.314,7.342
108,269,1962.086,7.294
107,272,1982.88,7.29
108,273,1987.167,7.279
109,274,1988.966,7.259
107,274,1994.172,7.278
109,275,1995.675,7.257
112,277,1995.785,7.205
113,278,1996.318,7.181
108,275,1998.7,7.268
109,276,2001,7.25
113,283,2031.091,7.177
111,282,2031.528,7.204
114,284,2034.292,7.163
110,282,2035.194,7.217
112,283,2035.336,7.192
109,282,2035.476,7.218
113,284,2037.132,7.173
114,285,2040.315,7.159
112,284,2042.244,7.191
113,285,2044.02,7.172
114,286,2047.474,7.159
112,285,2047.725,7.185
115,287,2048.893,7.139
113,286,2050.048,7.168
114,287,2053.485,7.155
112,286,2054.338,7.183
115,288,2054.88,7.135
111,286,2054.91,7.185
116,292,2077.872,7.116
117,293,2078.835,7.095
118,294,2081.226,7.079
116,293,2083.523,7.111
117,294,2085.048,7.092
